tick,snapshot_idx,snapshot_time,icao24,callsign,origin_country,latitude,longitude,baro_altitude,geo_altitude,velocity,true_track,vertical_rate,on_ground,time_position,last_contact,position_source,is_anomaly,anomaly_kind
0,0,1700000000.0,4ca87b,RYR2KE,Ireland,54.39999,18.5533,10998.1,11019.5,230.0,90.0,0.0,False,1700000000.0,1700000000.0,0,0,
0,0,1700000000.0,471f8b,LOT283,Poland,52.52273,20.86865,9498.8,9528.7,220.0,320.0,0.0,False,1700000000.0,1700000000.0,0,0,
0,0,1700000000.0,3c6589,DLH4ZW,Germany,53.50561,14.55361,11503.3,11519.2,240.0,80.0,0.0,False,1700000000.0,1700000000.0,0,0,
0,0,1700000000.0,4b1805,SWR12X,Switzerland,52.77021,17.98208,10798.1,10817.2,235.0,200.0,0.0,False,1700000000.0,1700000000.0,0,0,
0,0,1700000000.0,440048,BAW893,United Kingdom,53.01685,16.04855,11999.9,12014.6,250.0,60.0,0.0,False,1700000000.0,1700000000.0,0,0,
0,0,1700000000.0,4ac9b0,SAS2HK,Sweden,55.48515,17.04536,10503.2,10521.7,220.0,120.0,0.0,False,1700000000.0,1700000000.0,0,0,
0,0,1700000000.0,3917a3,AFR1219,France,50.97371,14.5241,10997.4,11016.3,225.0,150.0,0.0,False,1700000000.0,1700000000.0,0,0,
0,0,1700000000.0,46b8c1,FIN6KP,Finland,55.97274,20.98227,9992.7,10013.1,215.0,200.0,0.0,False,1700000000.0,1700000000.0,0,0,
0,0,1700000000.0,4ca8e0,RYR3LM,Ireland,53.68434,19.75424,11197.7,11214.4,232.0,240.0,0.0,False,1700000000.0,1700000000.0,0,0,
0,0,1700000000.0,478129,WZZ2BV,Hungary,51.70514,22.45284,10798.7,10810.3,220.0,280.0,0.0,False,1700000000.0,1700000000.0,0,0,
0,0,1700000000.0,4ba8c2,TAR9FX,Turkey,52.19999,23.44608,9500.4,9524.7,245.0,270.0,0.0,False,1700000000.0,1700000000.0,0,0,
0,0,1700000000.0,4cab4c,EZY42AC,United Kingdom,54.59441,17.55457,11797.2,11815.8,238.0,100.0,0.0,False,1700000000.0,1700000000.0,0,0,
1,1,1700000015.0,4ca87b,RYR2KE,Ireland,54.39998,18.6066,10996.2,11013.5,230.0,90.0,0.0,False,1700000015.0,1700000015.0,0,0,
1,1,1700000015.0,471f8b,LOT283,Poland,52.54546,20.83728,9495.5,9516.8,220.0,320.0,0.0,False,1700000015.0,1700000015.0,0,0,
1,1,1700000015.0,3c6589,DLH4ZW,Germany,53.51122,14.60723,11497.3,11520.9,240.0,80.0,0.0,False,1700000015.0,1700000015.0,0,0,
1,1,1700000015.0,4b1805,SWR12X,Switzerland,52.74042,17.96417,10795.8,10819.7,235.0,200.0,0.0,False,1700000015.0,1700000015.0,0,0,
1,1,1700000015.0,440048,BAW893,United Kingdom,53.0337,16.09712,11999.1,12009.7,250.0,60.0,0.0,False,1700000015.0,1700000015.0,0,0,
1,1,1700000015.0,4ac9b0,SAS2HK,Sweden,55.47031,17.0907,10500.2,10528.4,220.0,120.0,0.0,False,1700000015.0,1700000015.0,0,0,
1,1,1700000015.0,3917a3,AFR1219,France,50.94742,14.54819,11002.4,11020.2,225.0,150.0,0.0,False,1700000015.0,1700000015.0,0,0,
1,1,1700000015.0,46b8c1,FIN6KP,Finland,55.94549,20.96456,9994.8,10016.0,215.0,200.0,0.0,False,1700000015.0,1700000015.0,0,0,
1,1,1700000015.0,4ca8e0,RYR3LM,Ireland,53.66869,19.70849,11202.1,11227.9,232.0,240.0,0.0,False,1700000015.0,1700000015.0,0,0,
1,1,1700000015.0,478129,WZZ2BV,Hungary,51.71029,22.40567,10802.7,10826.8,220.0,280.0,0.0,False,1700000015.0,1700000015.0,0,0,
1,1,1700000015.0,4ba8c2,TAR9FX,Turkey,52.19998,23.39215,9497.9,9518.3,245.0,270.0,0.0,False,1700000015.0,1700000015.0,0,0,
1,1,1700000015.0,4cab4c,EZY42AC,United Kingdom,54.58883,17.60914,11792.7,11813.9,238.0,100.0,0.0,False,1700000015.0,1700000015.0,0,0,
2,2,1700000030.0,4ca87b,RYR2KE,Ireland,54.39996,18.6599,10999.8,11023.6,230.0,90.0,0.0,False,1700000030.0,1700000030.0,0,0,
2,2,1700000030.0,471f8b,LOT283,Poland,52.56819,20.80589,9498.7,9516.8,220.0,320.0,0.0,False,1700000030.0,1700000030.0,0,0,
2,2,1700000030.0,3c6589,DLH4ZW,Germany,53.51683,14.66085,11497.6,11515.3,240.0,80.0,0.0,False,1700000030.0,1700000030.0,0,0,
2,2,1700000030.0,4b1805,SWR12X,Switzerland,52.71063,17.94627,10798.9,10818.4,235.0,200.0,0.0,False,1700000030.0,1700000030.0,0,0,
2,2,1700000030.0,440048,BAW893,United Kingdom,53.05056,16.14571,12001.5,12021.2,250.0,60.0,0.0,False,1700000030.0,1700000030.0,0,0,
2,2,1700000030.0,4ac9b0,SAS2HK,Sweden,55.45546,17.13603,10500.2,10514.8,220.0,120.0,0.0,False,1700000030.0,1700000030.0,0,0,
2,2,1700000030.0,3917a3,AFR1219,France,50.92114,14.57226,11005.2,11020.0,225.0,150.0,0.0,False,1700000030.0,1700000030.0,0,0,
2,2,1700000030.0,46b8c1,FIN6KP,Finland,55.91823,20.94686,10001.0,10016.9,215.0,200.0,0.0,False,1700000030.0,1700000030.0,0,0,
2,2,1700000030.0,4ca8e0,RYR3LM,Ireland,53.65303,19.66276,11214.7,11235.2,232.0,240.0,0.0,False,1700000030.0,1700000030.0,0,0,
2,2,1700000030.0,478129,WZZ2BV,Hungary,51.71543,22.3585,10804.8,10829.7,220.0,280.0,0.0,False,1700000030.0,1700000030.0,0,0,
2,2,1700000030.0,4ba8c2,TAR9FX,Turkey,52.19996,23.33823,9503.0,9521.1,245.0,270.0,0.0,False,1700000030.0,1700000030.0,0,0,
2,2,1700000030.0,4cab4c,EZY42AC,United Kingdom,54.58324,17.6637,11788.9,11802.8,238.0,100.0,0.0,False,1700000030.0,1700000030.0,0,0,
3,3,1700000045.0,4ca87b,RYR2KE,Ireland,54.39995,18.7132,11004.9,11039.2,230.0,90.0,0.0,False,1700000045.0,1700000045.0,0,0,
3,3,1700000045.0,471f8b,LOT283,Poland,52.59092,20.77449,9499.6,9522.0,220.0,320.0,0.0,False,1700000045.0,1700000045.0,0,0,
3,3,1700000045.0,3c6589,DLH4ZW,Germany,53.52244,14.71448,11499.7,11515.1,240.0,80.0,0.0,False,1700000045.0,1700000045.0,0,0,
3,3,1700000045.0,4b1805,SWR12X,Switzerland,52.68084,17.92839,10801.1,10819.5,235.0,200.0,0.0,False,1700000045.0,1700000045.0,0,0,
3,3,1700000045.0,440048,BAW893,United Kingdom,53.06741,16.19431,12000.8,12023.0,250.0,60.0,0.0,False,1700000045.0,1700000045.0,0,0,
3,3,1700000045.0,4ac9b0,SAS2HK,Sweden,55.44061,17.18134,10496.0,10520.4,220.0,120.0,0.0,False,1700000045.0,1700000045.0,0,0,
3,3,1700000045.0,3917a3,AFR1219,France,50.89485,14.59632,11002.2,11022.0,225.0,150.0,0.0,False,1700000045.0,1700000045.0,0,0,
3,3,1700000045.0,46b8c1,FIN6KP,Finland,55.89098,20.92917,10000.1,10017.6,215.0,200.0,0.0,False,1700000045.0,1700000045.0,0,0,
3,3,1700000045.0,4ca8e0,RYR3LM,Ireland,53.63737,19.61704,11213.8,11236.3,232.0,240.0,0.0,False,1700000045.0,1700000045.0,0,0,
3,3,1700000045.0,478129,WZZ2BV,Hungary,51.72058,22.31132,10804.4,10822.5,220.0,280.0,0.0,False,1700000045.0,1700000045.0,0,0,
3,3,1700000045.0,4ba8c2,TAR9FX,Turkey,52.19995,23.28431,9497.9,9515.6,245.0,270.0,0.0,False,1700000045.0,1700000045.0,0,0,
3,3,1700000045.0,4cab4c,EZY42AC,United Kingdom,54.57765,17.71825,11791.5,11810.3,238.0,100.0,0.0,False,1700000045.0,1700000045.0,0,0,
4,4,1700000060.0,4ca87b,RYR2KE,Ireland,54.39994,18.76649,11002.0,11019.2,230.0,90.0,0.0,False,1700000060.0,1700000060.0,0,0,
4,4,1700000060.0,471f8b,LOT283,Poland,52.61365,20.74307,9503.9,9513.2,220.0,320.0,0.0,False,1700000060.0,1700000060.0,0,0,
4,4,1700000060.0,3c6589,DLH4ZW,Germany,53.52805,14.76812,11501.7,11515.7,240.0,80.0,0.0,False,1700000060.0,1700000060.0,0,0,
4,4,1700000060.0,4b1805,SWR12X,Switzerland,52.65105,17.91052,10800.6,10825.1,235.0,200.0,0.0,False,1700000060.0,1700000060.0,0,0,
4,4,1700000060.0,440048,BAW893,United Kingdom,53.08426,16.24294,11999.5,12026.3,250.0,60.0,0.0,False,1700000060.0,1700000060.0,0,0,
4,4,1700000060.0,4ac9b0,SAS2HK,Sweden,55.42576,17.22663,10498.6,10518.8,220.0,120.0,0.0,False,1700000060.0,1700000060.0,0,0,
4,4,1700000060.0,3917a3,AFR1219,France,50.86856,14.62037,11004.5,11027.6,225.0,150.0,0.0,False,1700000060.0,1700000060.0,0,0,
4,4,1700000060.0,46b8c1,FIN6KP,Finland,55.86372,20.91149,10006.8,10030.3,215.0,200.0,0.0,False,1700000060.0,1700000060.0,0,0,
4,4,1700000060.0,4ca8e0,RYR3LM,Ireland,53.62172,19.57135,11216.3,11240.7,232.0,240.0,0.0,False,1700000060.0,1700000060.0,0,0,
4,4,1700000060.0,478129,WZZ2BV,Hungary,51.72572,22.26414,10805.7,10824.7,220.0,280.0,0.0,False,1700000060.0,1700000060.0,0,0,
4,4,1700000060.0,4ba8c2,TAR9FX,Turkey,52.19994,23.23038,9500.0,9526.1,245.0,270.0,0.0,False,1700000060.0,1700000060.0,0,0,
4,4,1700000060.0,4cab4c,EZY42AC,United Kingdom,54.57206,17.7728,11795.4,11819.9,238.0,100.0,0.0,False,1700000060.0,1700000060.0,0,0,
5,5,1700000075.0,4ca87b,RYR2KE,Ireland,54.39993,18.81979,11003.3,11029.4,230.0,90.0,0.0,False,1700000075.0,1700000075.0,0,0,
5,5,1700000075.0,471f8b,LOT283,Poland,52.63638,20.71164,9507.6,9526.7,220.0,320.0,0.0,False,1700000075.0,1700000075.0,0,0,
5,5,1700000075.0,3c6589,DLH4ZW,Germany,53.53366,14.82176,11502.8,11526.9,240.0,80.0,0.0,False,1700000075.0,1700000075.0,0,0,
5,5,1700000075.0,4b1805,SWR12X,Switzerland,52.62126,17.89266,10794.1,10813.4,235.0,200.0,0.0,False,1700000075.0,1700000075.0,0,0,
5,5,1700000075.0,440048,BAW893,United Kingdom,53.10111,16.29158,11992.2,12001.7,250.0,60.0,0.0,False,1700000075.0,1700000075.0,0,0,
5,5,1700000075.0,4ac9b0,SAS2HK,Sweden,55.41092,17.2719,10498.9,10514.5,220.0,120.0,0.0,False,1700000075.0,1700000075.0,0,0,
5,5,1700000075.0,3917a3,AFR1219,France,50.84227,14.6444,11004.6,11019.2,225.0,150.0,0.0,False,1700000075.0,1700000075.0,0,0,
5,5,1700000075.0,46b8c1,FIN6KP,Finland,55.83647,20.89383,10003.6,10023.9,215.0,200.0,0.0,False,1700000075.0,1700000075.0,0,0,
5,5,1700000075.0,4ca8e0,RYR3LM,Ireland,53.60606,19.52567,11230.2,11248.7,232.0,240.0,0.0,False,1700000075.0,1700000075.0,0,0,
5,5,1700000075.0,478129,WZZ2BV,Hungary,51.73086,22.21695,10809.1,10827.4,220.0,280.0,0.0,False,1700000075.0,1700000075.0,0,0,
5,5,1700000075.0,4ba8c2,TAR9FX,Turkey,52.19993,23.17646,9497.1,9531.4,245.0,270.0,0.0,False,1700000075.0,1700000075.0,0,0,
5,5,1700000075.0,4cab4c,EZY42AC,United Kingdom,54.56648,17.82733,11801.0,11829.2,238.0,100.0,0.0,False,1700000075.0,1700000075.0,0,0,
6,6,1700000090.0,4ca87b,RYR2KE,Ireland,54.39992,18.87309,11000.5,11023.1,230.0,90.0,0.0,False,1700000090.0,1700000090.0,0,0,
6,6,1700000090.0,471f8b,LOT283,Poland,52.65911,20.68019,9508.4,9529.7,220.0,320.0,0.0,False,1700000090.0,1700000090.0,0,0,
6,6,1700000090.0,3c6589,DLH4ZW,Germany,53.53927,14.87541,11499.4,11513.7,240.0,80.0,0.0,False,1700000090.0,1700000090.0,0,0,
6,6,1700000090.0,4b1805,SWR12X,Switzerland,52.59147,17.87481,10805.1,10833.5,235.0,200.0,0.0,False,1700000090.0,1700000090.0,0,0,
6,6,1700000090.0,440048,BAW893,United Kingdom,53.11797,16.34024,11983.7,12004.1,250.0,60.0,0.0,False,1700000090.0,1700000090.0,0,0,
6,6,1700000090.0,4ac9b0,SAS2HK,Sweden,55.39607,17.31716,10501.7,10523.0,220.0,120.0,0.0,False,1700000090.0,1700000090.0,0,0,
6,6,1700000090.0,3917a3,AFR1219,France,50.81598,14.66842,10994.0,11018.9,225.0,150.0,0.0,False,1700000090.0,1700000090.0,0,0,
6,6,1700000090.0,46b8c1,FIN6KP,Finland,55.80921,20.87617,9999.4,10014.8,215.0,200.0,0.0,False,1700000090.0,1700000090.0,0,0,
6,6,1700000090.0,4ca8e0,RYR3LM,Ireland,53.5904,19.48,11225.6,11247.0,232.0,240.0,0.0,False,1700000090.0,1700000090.0,0,0,
6,6,1700000090.0,478129,WZZ2BV,Hungary,51.73601,22.16975,10808.2,10830.8,220.0,280.0,0.0,False,1700000090.0,1700000090.0,0,0,
6,6,1700000090.0,4ba8c2,TAR9FX,Turkey,52.19991,23.12254,9503.5,9521.5,245.0,270.0,0.0,False,1700000090.0,1700000090.0,0,0,
6,6,1700000090.0,4cab4c,EZY42AC,United Kingdom,54.56089,17.88186,11796.4,11820.6,238.0,100.0,0.0,False,1700000090.0,1700000090.0,0,0,
7,7,1700000105.0,4ca87b,RYR2KE,Ireland,54.39991,18.92639,11001.0,11029.1,230.0,90.0,0.0,False,1700000105.0,1700000105.0,0,0,
7,7,1700000105.0,471f8b,LOT283,Poland,52.68184,20.64872,9503.6,9519.6,220.0,320.0,0.0,False,1700000105.0,1700000105.0,0,0,
7,7,1700000105.0,3c6589,DLH4ZW,Germany,53.54488,14.92907,11499.4,11521.3,240.0,80.0,0.0,False,1700000105.0,1700000105.0,0,0,
7,7,1700000105.0,4b1805,SWR12X,Switzerland,52.56168,17.85697,10805.2,10827.4,235.0,200.0,0.0,False,1700000105.0,1700000105.0,0,0,
7,7,1700000105.0,440048,BAW893,United Kingdom,53.13482,16.38893,11978.7,12003.1,250.0,60.0,0.0,False,1700000105.0,1700000105.0,0,0,
7,7,1700000105.0,4ac9b0,SAS2HK,Sweden,55.38122,17.3624,10502.9,10524.3,220.0,120.0,0.0,False,1700000105.0,1700000105.0,0,0,
7,7,1700000105.0,3917a3,AFR1219,France,50.78969,14.69243,10994.8,11023.4,225.0,150.0,0.0,False,1700000105.0,1700000105.0,0,0,
7,7,1700000105.0,46b8c1,FIN6KP,Finland,55.78196,20.85853,9998.7,10016.7,215.0,200.0,0.0,False,1700000105.0,1700000105.0,0,0,
7,7,1700000105.0,4ca8e0,RYR3LM,Ireland,53.57474,19.43436,11233.6,11257.7,232.0,240.0,0.0,False,1700000105.0,1700000105.0,0,0,
7,7,1700000105.0,478129,WZZ2BV,Hungary,51.74115,22.12255,10805.4,10821.3,220.0,280.0,0.0,False,1700000105.0,1700000105.0,0,0,
7,7,1700000105.0,4ba8c2,TAR9FX,Turkey,52.1999,23.06861,9510.8,9521.0,245.0,270.0,0.0,False,1700000105.0,1700000105.0,0,0,
7,7,1700000105.0,4cab4c,EZY42AC,United Kingdom,54.5553,17.93638,11797.8,11817.3,238.0,100.0,0.0,False,1700000105.0,1700000105.0,0,0,
8,8,1700000120.0,4ca87b,RYR2KE,Ireland,54.39989,18.97969,11001.2,11019.7,230.0,90.0,0.0,False,1700000120.0,1700000120.0,0,1,teleport
8,8,1700000120.0,471f8b,LOT283,Poland,52.70457,20.61724,9495.4,9509.7,220.0,320.0,0.0,False,1700000120.0,1700000120.0,0,0,
8,8,1700000120.0,3c6589,DLH4ZW,Germany,53.55049,14.98274,11497.3,11521.3,240.0,80.0,0.0,False,1700000120.0,1700000120.0,0,1,teleport
8,8,1700000120.0,4b1805,SWR12X,Switzerland,52.53188,17.83915,10809.7,10821.2,235.0,200.0,0.0,False,1700000120.0,1700000120.0,0,0,
8,8,1700000120.0,440048,BAW893,United Kingdom,53.15167,16.43763,11979.1,12004.5,250.0,60.0,0.0,False,1700000120.0,1700000120.0,0,0,
8,8,1700000120.0,4ac9b0,SAS2HK,Sweden,55.36638,17.40762,10508.0,10525.3,220.0,120.0,0.0,False,1700000120.0,1700000120.0,0,0,
8,8,1700000120.0,3917a3,AFR1219,France,50.76341,14.71642,10994.8,11018.1,225.0,150.0,0.0,False,1700000120.0,1700000120.0,0,0,
8,8,1700000120.0,46b8c1,FIN6KP,Finland,55.7547,20.84091,10003.5,10023.4,215.0,200.0,0.0,False,1700000120.0,1700000120.0,0,0,
8,8,1700000120.0,4ca8e0,RYR3LM,Ireland,53.55909,19.38873,11232.4,11252.1,232.0,240.0,0.0,False,1700000120.0,1700000120.0,0,0,
8,8,1700000120.0,478129,WZZ2BV,Hungary,51.7463,22.07535,10801.4,10826.4,220.0,280.0,0.0,False,1700000120.0,1700000120.0,0,0,
8,8,1700000120.0,4ba8c2,TAR9FX,Turkey,52.19989,23.01469,9501.7,9519.8,245.0,270.0,0.0,False,1700000120.0,1700000120.0,0,0,
8,8,1700000120.0,4cab4c,EZY42AC,United Kingdom,54.54971,17.9909,11804.4,11822.7,238.0,100.0,0.0,False,1700000120.0,1700000120.0,0,0,
9,9,1700000135.0,4ca87b,RYR2KE,Ireland,54.39988,19.03299,10999.7,11018.9,230.0,90.0,0.0,False,1700000135.0,1700000135.0,0,1,teleport
9,9,1700000135.0,471f8b,LOT283,Poland,52.7273,20.58574,9500.3,9510.3,220.0,320.0,0.0,False,1700000135.0,1700000135.0,0,0,
9,9,1700000135.0,3c6589,DLH4ZW,Germany,53.5561,15.03641,11497.9,11522.2,240.0,80.0,0.0,False,1700000135.0,1700000135.0,0,1,teleport
9,9,1700000135.0,4b1805,SWR12X,Switzerland,52.50209,17.82134,10810.2,10830.4,235.0,200.0,0.0,False,1700000135.0,1700000135.0,0,0,
9,9,1700000135.0,440048,BAW893,United Kingdom,53.16852,16.48635,11973.2,11998.9,250.0,60.0,0.0,False,1700000135.0,1700000135.0,0,0,
9,9,1700000135.0,4ac9b0,SAS2HK,Sweden,55.35153,17.45283,10504.3,10513.7,220.0,120.0,0.0,False,1700000135.0,1700000135.0,0,0,
9,9,1700000135.0,3917a3,AFR1219,France,50.73712,14.7404,10991.6,11017.0,225.0,150.0,0.0,False,1700000135.0,1700000135.0,0,0,
9,9,1700000135.0,46b8c1,FIN6KP,Finland,55.72745,20.82329,10009.1,10030.5,215.0,200.0,0.0,False,1700000135.0,1700000135.0,0,0,
9,9,1700000135.0,4ca8e0,RYR3LM,Ireland,53.54343,19.34311,11233.2,11255.1,232.0,240.0,0.0,False,1700000135.0,1700000135.0,0,0,
9,9,1700000135.0,478129,WZZ2BV,Hungary,51.75144,22.02814,10802.9,10821.5,220.0,280.0,0.0,False,1700000135.0,1700000135.0,0,0,
9,9,1700000135.0,4ba8c2,TAR9FX,Turkey,52.19988,22.96077,9508.4,9534.7,245.0,270.0,0.0,False,1700000135.0,1700000135.0,0,0,
9,9,1700000135.0,4cab4c,EZY42AC,United Kingdom,54.54413,18.0454,11811.4,11835.4,238.0,100.0,0.0,False,1700000135.0,1700000135.0,0,0,
10,10,1700000150.0,4ca87b,RYR2KE,Ireland,54.39987,19.08629,11010.4,11027.5,230.0,90.0,0.0,False,1700000150.0,1700000150.0,0,1,teleport
10,10,1700000150.0,471f8b,LOT283,Poland,52.75003,20.55422,9500.1,9517.9,220.0,320.0,0.0,False,1700000150.0,1700000150.0,0,0,
10,10,1700000150.0,3c6589,DLH4ZW,Germany,53.56171,15.09009,11494.1,11519.9,240.0,80.0,0.0,False,1700000150.0,1700000150.0,0,1,teleport
10,10,1700000150.0,4b1805,SWR12X,Switzerland,52.4723,17.80354,10812.7,10833.0,235.0,200.0,0.0,False,1700000150.0,1700000150.0,0,0,
10,10,1700000150.0,440048,BAW893,United Kingdom,53.18538,16.53509,11980.4,11998.2,250.0,60.0,0.0,False,1700000150.0,1700000150.0,0,0,
10,10,1700000150.0,4ac9b0,SAS2HK,Sweden,55.33668,17.49802,10511.5,10527.5,220.0,120.0,0.0,False,1700000150.0,1700000150.0,0,0,
10,10,1700000150.0,3917a3,AFR1219,France,50.71083,14.76437,10991.7,11003.9,225.0,150.0,0.0,False,1700000150.0,1700000150.0,0,0,
10,10,1700000150.0,46b8c1,FIN6KP,Finland,55.70019,20.80569,10010.1,10033.2,215.0,200.0,0.0,False,1700000150.0,1700000150.0,0,0,
10,10,1700000150.0,4ca8e0,RYR3LM,Ireland,53.52777,19.29752,11235.8,11258.9,232.0,240.0,0.0,False,1700000150.0,1700000150.0,0,0,
10,10,1700000150.0,478129,WZZ2BV,Hungary,51.75658,21.98092,10809.5,10818.7,220.0,280.0,0.0,False,1700000150.0,1700000150.0,0,0,
10,10,1700000150.0,4ba8c2,TAR9FX,Turkey,52.19986,22.90684,9501.2,9528.0,245.0,270.0,0.0,False,1700000150.0,1700000150.0,0,0,
10,10,1700000150.0,4cab4c,EZY42AC,United Kingdom,54.53854,18.0999,11815.2,11827.9,238.0,100.0,0.0,False,1700000150.0,1700000150.0,0,0,
11,11,1700000165.0,4ca87b,RYR2KE,Ireland,54.39986,19.13959,11008.1,11025.8,230.0,90.0,0.0,False,1700000165.0,1700000165.0,0,1,teleport
11,11,1700000165.0,471f8b,LOT283,Poland,52.77276,20.52269,9497.6,9515.7,220.0,320.0,0.0,False,1700000165.0,1700000165.0,0,0,
11,11,1700000165.0,3c6589,DLH4ZW,Germany,53.56732,15.14378,11494.6,11513.3,240.0,80.0,0.0,False,1700000165.0,1700000165.0,0,1,teleport
11,11,1700000165.0,4b1805,SWR12X,Switzerland,52.44251,17.78575,10809.2,10836.6,235.0,200.0,0.0,False,1700000165.0,1700000165.0,0,0,
11,11,1700000165.0,440048,BAW893,United Kingdom,53.20223,16.58385,11977.0,11995.6,250.0,60.0,0.0,False,1700000165.0,1700000165.0,0,0,
11,11,1700000165.0,4ac9b0,SAS2HK,Sweden,55.32183,17.54319,10516.7,10539.0,220.0,120.0,0.0,False,1700000165.0,1700000165.0,0,0,
11,11,1700000165.0,3917a3,AFR1219,France,50.68454,14.78832,10991.9,11013.4,225.0,150.0,0.0,False,1700000165.0,1700000165.0,0,0,
11,11,1700000165.0,46b8c1,FIN6KP,Finland,55.67294,20.7881,10013.5,10029.0,215.0,200.0,0.0,False,1700000165.0,1700000165.0,0,0,
11,11,1700000165.0,4ca8e0,RYR3LM,Ireland,53.51212,19.25194,11231.9,11255.3,232.0,240.0,0.0,False,1700000165.0,1700000165.0,0,0,
11,11,1700000165.0,478129,WZZ2BV,Hungary,51.76173,21.9337,10808.2,10830.5,220.0,280.0,0.0,False,1700000165.0,1700000165.0,0,0,
11,11,1700000165.0,4ba8c2,TAR9FX,Turkey,52.19985,22.85292,9504.1,9516.0,245.0,270.0,0.0,False,1700000165.0,1700000165.0,0,0,
11,11,1700000165.0,4cab4c,EZY42AC,United Kingdom,54.53295,18.15439,11808.3,11835.1,238.0,100.0,0.0,False,1700000165.0,1700000165.0,0,0,
12,12,1700000180.0,4ca87b,RYR2KE,Ireland,56.89985,17.69289,9013.5,9033.8,230.0,90.0,0.0,False,1700000180.0,1700000180.0,0,1,teleport
12,12,1700000180.0,471f8b,LOT283,Poland,52.79549,20.49114,9504.9,9531.0,220.0,320.0,0.0,False,1700000180.0,1700000180.0,0,0,
12,12,1700000180.0,3c6589,DLH4ZW,Germany,56.07293,13.69747,9496.9,9513.4,240.0,80.0,0.0,False,1700000180.0,1700000180.0,0,1,teleport
12,12,1700000180.0,4b1805,SWR12X,Switzerland,52.41272,17.76798,10808.3,10834.7,235.0,200.0,0.0,False,1700000180.0,1700000180.0,0,0,
12,12,1700000180.0,440048,BAW893,United Kingdom,53.21908,16.63263,11975.3,11989.2,250.0,60.0,0.0,False,1700000180.0,1700000180.0,0,0,
12,12,1700000180.0,4ac9b0,SAS2HK,Sweden,55.30699,17.58834,10521.3,10543.6,220.0,120.0,0.0,False,1700000180.0,1700000180.0,0,0,
12,12,1700000180.0,3917a3,AFR1219,France,50.65825,14.81226,10997.3,11020.4,225.0,150.0,0.0,False,1700000180.0,1700000180.0,0,0,
12,12,1700000180.0,46b8c1,FIN6KP,Finland,55.64568,20.77052,10011.4,10026.4,215.0,200.0,0.0,False,1700000180.0,1700000180.0,0,0,
12,12,1700000180.0,4ca8e0,RYR3LM,Ireland,53.49646,19.20638,11223.4,11254.3,232.0,240.0,0.0,False,1700000180.0,1700000180.0,0,0,
12,12,1700000180.0,478129,WZZ2BV,Hungary,51.76687,21.88647,10802.5,10828.7,220.0,280.0,0.0,False,1700000180.0,1700000180.0,0,0,
12,12,1700000180.0,4ba8c2,TAR9FX,Turkey,52.19984,22.799,9500.4,9516.6,245.0,270.0,0.0,False,1700000180.0,1700000180.0,0,0,
12,12,1700000180.0,4cab4c,EZY42AC,United Kingdom,54.52736,18.20888,11810.0,11818.7,238.0,100.0,0.0,False,1700000180.0,1700000180.0,0,0,
13,13,1700000195.0,4ca87b,RYR2KE,Ireland,56.89983,17.7497,9008.6,9020.6,230.0,90.0,0.0,False,1700000195.0,1700000195.0,0,1,teleport
13,13,1700000195.0,471f8b,LOT283,Poland,52.81822,20.45958,9509.0,9533.2,220.0,320.0,0.0,False,1700000195.0,1700000195.0,0,0,
13,13,1700000195.0,3c6589,DLH4ZW,Germany,56.07854,13.75461,9505.8,9524.4,240.0,80.0,0.0,False,1700000195.0,1700000195.0,0,1,teleport
13,13,1700000195.0,4b1805,SWR12X,Switzerland,52.38293,17.75021,10806.7,10823.6,235.0,200.0,0.0,False,1700000195.0,1700000195.0,0,0,
13,13,1700000195.0,440048,BAW893,United Kingdom,53.23593,16.68142,11972.6,11993.2,250.0,60.0,0.0,False,1700000195.0,1700000195.0,0,0,
13,13,1700000195.0,4ac9b0,SAS2HK,Sweden,55.29214,17.63348,10516.6,10533.7,220.0,120.0,0.0,False,1700000195.0,1700000195.0,0,0,
13,13,1700000195.0,3917a3,AFR1219,France,50.63197,14.83619,10995.9,11013.9,225.0,150.0,0.0,False,1700000195.0,1700000195.0,0,0,
13,13,1700000195.0,46b8c1,FIN6KP,Finland,55.61843,20.75295,10011.1,10029.5,215.0,200.0,0.0,False,1700000195.0,1700000195.0,0,0,
13,13,1700000195.0,4ca8e0,RYR3LM,Ireland,53.4808,19.16083,11227.7,11249.7,232.0,240.0,0.0,False,1700000195.0,1700000195.0,0,0,
13,13,1700000195.0,478129,WZZ2BV,Hungary,51.77202,21.83924,10794.5,10808.5,220.0,280.0,0.0,False,1700000195.0,1700000195.0,0,0,
13,13,1700000195.0,4ba8c2,TAR9FX,Turkey,52.19983,22.74507,9496.7,9516.1,245.0,270.0,0.0,False,1700000195.0,1700000195.0,0,0,
13,13,1700000195.0,4cab4c,EZY42AC,United Kingdom,54.52178,18.26336,11813.2,11835.4,238.0,100.0,0.0,False,1700000195.0,1700000195.0,0,0,
14,14,1700000210.0,4ca87b,RYR2KE,Ireland,56.89982,17.80652,8998.1,9015.8,230.0,90.0,0.0,False,1700000210.0,1700000210.0,0,1,teleport
14,14,1700000210.0,471f8b,LOT283,Poland,52.84095,20.428,9513.5,9539.6,220.0,320.0,0.0,False,1700000210.0,1700000210.0,0,0,
14,14,1700000210.0,3c6589,DLH4ZW,Germany,56.08415,13.81175,9504.5,9526.2,240.0,80.0,0.0,False,1700000210.0,1700000210.0,0,1,teleport
14,14,1700000210.0,4b1805,SWR12X,Switzerland,52.35314,17.73246,10803.3,10828.1,235.0,200.0,0.0,False,1700000210.0,1700000210.0,0,0,
14,14,1700000210.0,440048,BAW893,United Kingdom,53.25279,16.73024,11978.6,12008.6,250.0,60.0,0.0,False,1700000210.0,1700000210.0,0,0,
14,14,1700000210.0,4ac9b0,SAS2HK,Sweden,55.27729,17.67861,10513.1,10533.9,220.0,120.0,0.0,False,1700000210.0,1700000210.0,0,0,
14,14,1700000210.0,3917a3,AFR1219,France,50.60568,14.8601,10997.5,11025.1,225.0,150.0,0.0,False,1700000210.0,1700000210.0,0,0,
14,14,1700000210.0,46b8c1,FIN6KP,Finland,55.59117,20.7354,10024.7,10038.3,215.0,200.0,0.0,False,1700000210.0,1700000210.0,0,0,
14,14,1700000210.0,4ca8e0,RYR3LM,Ireland,53.46515,19.11531,11225.5,11244.8,232.0,240.0,0.0,False,1700000210.0,1700000210.0,0,0,
14,14,1700000210.0,478129,WZZ2BV,Hungary,51.77716,21.792,10798.7,10812.6,220.0,280.0,0.0,False,1700000210.0,1700000210.0,0,0,
14,14,1700000210.0,4ba8c2,TAR9FX,Turkey,52.19982,22.69115,9497.9,9524.9,245.0,270.0,0.0,False,1700000210.0,1700000210.0,0,0,
14,14,1700000210.0,4cab4c,EZY42AC,United Kingdom,54.51619,18.31783,11819.4,11833.3,238.0,100.0,0.0,False,1700000210.0,1700000210.0,0,0,
15,15,1700000225.0,4ca87b,RYR2KE,Ireland,56.89981,17.86333,9005.8,9028.8,230.0,90.0,0.0,False,1700000225.0,1700000225.0,0,1,teleport
15,15,1700000225.0,471f8b,LOT283,Poland,52.86368,20.3964,9514.7,9536.7,220.0,320.0,0.0,False,1700000225.0,1700000225.0,0,0,
15,15,1700000225.0,3c6589,DLH4ZW,Germany,56.08976,13.8689,9506.9,9532.4,240.0,80.0,0.0,False,1700000225.0,1700000225.0,0,1,teleport
15,15,1700000225.0,4b1805,SWR12X,Switzerland,52.32335,17.71472,10804.1,10822.3,235.0,200.0,0.0,False,1700000225.0,1700000225.0,0,0,
15,15,1700000225.0,440048,BAW893,United Kingdom,53.26964,16.77908,11977.3,11996.7,250.0,60.0,0.0,False,1700000225.0,1700000225.0,0,0,
15,15,1700000225.0,4ac9b0,SAS2HK,Sweden,55.26245,17.72371,10512.1,10532.2,220.0,120.0,0.0,False,1700000225.0,1700000225.0,0,0,
15,15,1700000225.0,3917a3,AFR1219,France,50.57939,14.884,11001.1,11022.4,225.0,150.0,0.0,False,1700000225.0,1700000225.0,0,0,
15,15,1700000225.0,46b8c1,FIN6KP,Finland,55.56392,20.71786,10021.1,10040.4,215.0,200.0,0.0,False,1700000225.0,1700000225.0,0,0,
15,15,1700000225.0,4ca8e0,RYR3LM,Ireland,53.44949,19.06979,11218.2,11233.9,232.0,240.0,0.0,False,1700000225.0,1700000225.0,0,0,
15,15,1700000225.0,478129,WZZ2BV,Hungary,51.7823,21.74476,10789.8,10805.5,220.0,280.0,0.0,False,1700000225.0,1700000225.0,0,0,
15,15,1700000225.0,4ba8c2,TAR9FX,Turkey,52.1998,22.63723,9496.6,9503.5,245.0,270.0,0.0,False,1700000225.0,1700000225.0,0,0,
15,15,1700000225.0,4cab4c,EZY42AC,United Kingdom,54.5106,18.37229,11813.3,11830.6,238.0,100.0,0.0,False,1700000225.0,1700000225.0,0,0,
16,16,1700000240.0,4ca87b,RYR2KE,Ireland,56.8998,17.92014,9009.7,9029.0,230.0,90.0,0.0,False,1700000240.0,1700000240.0,0,1,teleport
16,16,1700000240.0,471f8b,LOT283,Poland,52.88641,20.36478,9503.4,9528.8,220.0,320.0,0.0,False,1700000240.0,1700000240.0,0,0,
16,16,1700000240.0,3c6589,DLH4ZW,Germany,56.09536,13.92606,9494.3,9514.7,240.0,80.0,0.0,False,1700000240.0,1700000240.0,0,1,teleport
16,16,1700000240.0,4b1805,SWR12X,Switzerland,52.29356,17.697,10793.2,10806.9,235.0,200.0,0.0,False,1700000240.0,1700000240.0,0,0,
16,16,1700000240.0,440048,BAW893,United Kingdom,53.28649,16.82793,11970.1,11988.8,250.0,60.0,0.0,False,1700000240.0,1700000240.0,0,0,
16,16,1700000240.0,4ac9b0,SAS2HK,Sweden,55.2476,17.7688,10512.4,10525.7,220.0,120.0,0.0,False,1700000240.0,1700000240.0,0,0,
16,16,1700000240.0,3917a3,AFR1219,France,50.5531,14.90788,11004.1,11032.7,225.0,150.0,0.0,False,1700000240.0,1700000240.0,0,0,
16,16,1700000240.0,46b8c1,FIN6KP,Finland,55.53666,20.70033,10028.6,10044.6,215.0,200.0,0.0,False,1700000240.0,1700000240.0,0,0,
16,16,1700000240.0,4ca8e0,RYR3LM,Ireland,53.43383,19.0243,11215.5,11234.9,232.0,240.0,0.0,False,1700000240.0,1700000240.0,0,0,
16,16,1700000240.0,478129,WZZ2BV,Hungary,51.78745,21.69751,10794.4,10817.1,220.0,280.0,0.0,False,1700000240.0,1700000240.0,0,0,
16,16,1700000240.0,4ba8c2,TAR9FX,Turkey,52.19979,22.5833,9501.3,9520.5,245.0,270.0,0.0,False,1700000240.0,1700000240.0,0,0,
16,16,1700000240.0,4cab4c,EZY42AC,United Kingdom,54.50501,18.42674,11803.9,11825.9,238.0,100.0,0.0,False,1700000240.0,1700000240.0,0,0,
17,17,1700000255.0,4ca87b,RYR2KE,Ireland,56.89978,17.97696,9016.1,9040.6,230.0,90.0,0.0,False,1700000255.0,1700000255.0,0,1,teleport
17,17,1700000255.0,471f8b,LOT283,Poland,52.90914,20.33315,9498.8,9521.8,220.0,320.0,0.0,False,1700000255.0,1700000255.0,0,0,
17,17,1700000255.0,3c6589,DLH4ZW,Germany,56.10097,13.98322,9496.1,9514.4,240.0,80.0,0.0,False,1700000255.0,1700000255.0,0,1,teleport
17,17,1700000255.0,4b1805,SWR12X,Switzerland,52.26377,17.67928,10796.9,10817.4,235.0,200.0,0.0,False,1700000255.0,1700000255.0,0,0,
17,17,1700000255.0,440048,BAW893,United Kingdom,53.30334,16.87681,11962.3,11979.4,250.0,60.0,0.0,False,1700000255.0,1700000255.0,0,0,
17,17,1700000255.0,4ac9b0,SAS2HK,Sweden,55.23275,17.81387,10509.6,10525.4,220.0,120.0,0.0,False,1700000255.0,1700000255.0,0,0,
17,17,1700000255.0,3917a3,AFR1219,France,50.52681,14.93175,11004.1,11024.4,225.0,150.0,0.0,False,1700000255.0,1700000255.0,0,0,
17,17,1700000255.0,46b8c1,FIN6KP,Finland,55.5094,20.68281,10036.2,10057.8,215.0,200.0,0.0,False,1700000255.0,1700000255.0,0,0,
17,17,1700000255.0,4ca8e0,RYR3LM,Ireland,53.41818,18.97882,11206.1,11220.5,232.0,240.0,0.0,False,1700000255.0,1700000255.0,0,0,
17,17,1700000255.0,478129,WZZ2BV,Hungary,51.79259,21.65026,10794.2,10816.7,220.0,280.0,0.0,False,1700000255.0,1700000255.0,0,0,
17,17,1700000255.0,4ba8c2,TAR9FX,Turkey,52.19978,22.52938,9498.7,9508.8,245.0,270.0,0.0,False,1700000255.0,1700000255.0,0,0,
17,17,1700000255.0,4cab4c,EZY42AC,United Kingdom,54.49943,18.48119,11810.9,11823.2,238.0,100.0,0.0,False,1700000255.0,1700000255.0,0,0,
18,18,1700000270.0,4ca87b,RYR2KE,Ireland,56.89977,18.03377,9019.2,9039.5,230.0,90.0,0.0,False,1700000270.0,1700000270.0,0,1,teleport
18,18,1700000270.0,471f8b,LOT283,Poland,52.93187,20.3015,9504.8,9526.0,220.0,320.0,0.0,False,1700000270.0,1700000270.0,0,0,
18,18,1700000270.0,3c6589,DLH4ZW,Germany,56.10658,14.0404,9497.5,9520.5,240.0,80.0,0.0,False,1700000270.0,1700000270.0,0,1,teleport
18,18,1700000270.0,4b1805,SWR12X,Switzerland,52.23398,17.66158,10803.3,10823.1,235.0,200.0,0.0,False,1700000270.0,1700000270.0,0,0,
18,18,1700000270.0,440048,BAW893,United Kingdom,53.32019,16.9257,11965.8,11990.5,250.0,60.0,0.0,False,1700000270.0,1700000270.0,0,0,
18,18,1700000270.0,4ac9b0,SAS2HK,Sweden,55.2179,17.85892,10501.2,10520.9,220.0,120.0,0.0,False,1700000270.0,1700000270.0,0,0,
18,18,1700000270.0,3917a3,AFR1219,France,50.50053,14.95561,11010.0,11036.9,225.0,150.0,0.0,False,1700000270.0,1700000270.0,0,0,
18,18,1700000270.0,46b8c1,FIN6KP,Finland,55.48215,20.66531,10041.3,10052.2,215.0,200.0,0.0,False,1700000270.0,1700000270.0,0,0,
18,18,1700000270.0,4ca8e0,RYR3LM,Ireland,53.40252,18.93336,11212.7,11234.4,232.0,240.0,0.0,False,1700000270.0,1700000270.0,0,0,
18,18,1700000270.0,478129,WZZ2BV,Hungary,51.79774,21.603,10792.0,10810.0,220.0,280.0,0.0,False,1700000270.0,1700000270.0,0,0,
18,18,1700000270.0,4ba8c2,TAR9FX,Turkey,52.19977,22.47546,9486.7,9501.1,245.0,270.0,0.0,False,1700000270.0,1700000270.0,0,0,
18,18,1700000270.0,4cab4c,EZY42AC,United Kingdom,54.49384,18.53563,11812.4,11830.9,238.0,100.0,0.0,False,1700000270.0,1700000270.0,0,0,
19,19,1700000285.0,4ca87b,RYR2KE,Ireland,56.89976,18.09059,9017.3,9037.1,230.0,90.0,0.0,False,1700000285.0,1700000285.0,0,1,teleport
19,19,1700000285.0,471f8b,LOT283,Poland,52.9546,20.26984,9513.0,9531.9,220.0,320.0,0.0,False,1700000285.0,1700000285.0,0,0,
19,19,1700000285.0,3c6589,DLH4ZW,Germany,56.11219,14.09758,9498.2,9528.2,240.0,80.0,0.0,False,1700000285.0,1700000285.0,0,1,teleport
19,19,1700000285.0,4b1805,SWR12X,Switzerland,52.20419,17.64388,10808.5,10821.2,235.0,200.0,0.0,False,1700000285.0,1700000285.0,0,0,
19,19,1700000285.0,440048,BAW893,United Kingdom,53.33705,16.97461,11969.7,11983.4,250.0,60.0,0.0,False,1700000285.0,1700000285.0,0,0,
19,19,1700000285.0,4ac9b0,SAS2HK,Sweden,55.20306,17.90396,10509.7,10528.5,220.0,120.0,0.0,False,1700000285.0,1700000285.0,0,0,
19,19,1700000285.0,3917a3,AFR1219,France,50.47424,14.97946,11019.6,11045.8,225.0,150.0,0.0,False,1700000285.0,1700000285.0,0,0,
19,19,1700000285.0,46b8c1,FIN6KP,Finland,55.45489,20.64781,10041.2,10058.0,215.0,200.0,0.0,False,1700000285.0,1700000285.0,0,0,
19,19,1700000285.0,4ca8e0,RYR3LM,Ireland,53.38686,18.88792,11223.6,11245.1,232.0,240.0,0.0,False,1700000285.0,1700000285.0,0,0,
19,19,1700000285.0,478129,WZZ2BV,Hungary,51.80288,21.55574,10789.1,10806.2,220.0,280.0,0.0,False,1700000285.0,1700000285.0,0,0,
19,19,1700000285.0,4ba8c2,TAR9FX,Turkey,52.19975,22.42153,9485.7,9504.0,245.0,270.0,0.0,False,1700000285.0,1700000285.0,0,0,
19,19,1700000285.0,4cab4c,EZY42AC,United Kingdom,54.48825,18.59006,11806.0,11825.4,238.0,100.0,0.0,False,1700000285.0,1700000285.0,0,0,
20,20,1700000300.0,4ca87b,RYR2KE,Ireland,56.89974,18.1474,9006.3,9032.2,230.0,90.0,0.0,False,1700000300.0,1700000300.0,0,1,teleport
20,20,1700000300.0,471f8b,LOT283,Poland,52.97733,20.23816,9512.8,9538.2,220.0,320.0,0.0,False,1700000300.0,1700000300.0,0,0,
20,20,1700000300.0,3c6589,DLH4ZW,Germany,56.1178,14.15477,9489.7,9511.7,240.0,80.0,0.0,False,1700000300.0,1700000300.0,0,1,teleport
20,20,1700000300.0,4b1805,SWR12X,Switzerland,52.1744,17.6262,10805.8,10826.0,235.0,200.0,0.0,False,1700000300.0,1700000300.0,0,0,
20,20,1700000300.0,440048,BAW893,United Kingdom,53.3539,17.02355,11967.2,11990.6,250.0,60.0,0.0,False,1700000300.0,1700000300.0,0,0,
20,20,1700000300.0,4ac9b0,SAS2HK,Sweden,55.18821,17.94898,10506.6,10525.3,220.0,120.0,0.0,False,1700000300.0,1700000300.0,0,0,
20,20,1700000300.0,3917a3,AFR1219,France,50.44795,15.00329,11027.2,11055.9,225.0,150.0,0.0,False,1700000300.0,1700000300.0,0,0,
20,20,1700000300.0,46b8c1,FIN6KP,Finland,55.42764,20.63033,10041.5,10066.9,215.0,200.0,0.0,False,1700000300.0,1700000300.0,0,0,
20,20,1700000300.0,4ca8e0,RYR3LM,Ireland,53.37121,18.84249,11230.2,11242.0,232.0,240.0,0.0,False,1700000300.0,1700000300.0,0,0,
20,20,1700000300.0,478129,WZZ2BV,Hungary,51.80802,21.50847,10790.8,10805.1,220.0,280.0,0.0,False,1700000300.0,1700000300.0,0,0,
20,20,1700000300.0,4ba8c2,TAR9FX,Turkey,52.19974,22.36761,9481.8,9504.6,245.0,270.0,0.0,False,1700000300.0,1700000300.0,0,0,
20,20,1700000300.0,4cab4c,EZY42AC,United Kingdom,54.48267,18.64449,11803.9,11824.0,238.0,100.0,0.0,False,1700000300.0,1700000300.0,0,0,
21,21,1700000315.0,4ca87b,RYR2KE,Ireland,56.89973,18.20422,9013.2,9029.5,230.0,90.0,0.0,False,1700000315.0,1700000315.0,0,1,teleport
21,21,1700000315.0,471f8b,LOT283,Poland,53.00006,20.20646,9510.7,9527.7,220.0,320.0,0.0,False,1700000315.0,1700000315.0,0,0,
21,21,1700000315.0,3c6589,DLH4ZW,Germany,56.12341,14.21197,9491.0,9496.5,240.0,80.0,0.0,False,1700000315.0,1700000315.0,0,1,teleport
21,21,1700000315.0,4b1805,SWR12X,Switzerland,52.14461,17.60854,10811.5,10837.0,235.0,200.0,0.0,False,1700000315.0,1700000315.0,0,0,
21,21,1700000315.0,440048,BAW893,United Kingdom,53.37075,17.0725,11966.0,11981.3,250.0,60.0,0.0,False,1700000315.0,1700000315.0,0,0,
21,21,1700000315.0,4ac9b0,SAS2HK,Sweden,55.17336,17.99399,10501.6,10527.5,220.0,120.0,0.0,False,1700000315.0,1700000315.0,0,0,
21,21,1700000315.0,3917a3,AFR1219,France,50.42166,15.02711,11026.6,11050.2,225.0,150.0,0.0,False,1700000315.0,1700000315.0,0,0,
21,21,1700000315.0,46b8c1,FIN6KP,Finland,55.40038,20.61286,10043.2,10063.6,215.0,200.0,0.0,False,1700000315.0,1700000315.0,0,0,
21,21,1700000315.0,4ca8e0,RYR3LM,Ireland,53.35555,18.79708,11233.7,11258.7,232.0,240.0,0.0,False,1700000315.0,1700000315.0,0,0,
21,21,1700000315.0,478129,WZZ2BV,Hungary,51.81317,21.46119,10789.0,10816.9,220.0,280.0,0.0,False,1700000315.0,1700000315.0,0,0,
21,21,1700000315.0,4ba8c2,TAR9FX,Turkey,52.19973,22.31369,9479.0,9501.4,245.0,270.0,0.0,False,1700000315.0,1700000315.0,0,0,
21,21,1700000315.0,4cab4c,EZY42AC,United Kingdom,54.47708,18.6989,11796.8,11813.9,238.0,100.0,0.0,False,1700000315.0,1700000315.0,0,0,
22,22,1700000330.0,4ca87b,RYR2KE,Ireland,56.89972,18.26103,9004.6,9029.2,230.0,90.0,0.0,False,1700000330.0,1700000330.0,0,1,teleport
22,22,1700000330.0,471f8b,LOT283,Poland,53.02279,20.17474,9502.2,9526.2,220.0,320.0,0.0,False,1700000330.0,1700000330.0,0,0,
22,22,1700000330.0,3c6589,DLH4ZW,Germany,56.12902,14.26918,9486.6,9511.1,240.0,80.0,0.0,False,1700000330.0,1700000330.0,0,1,teleport
22,22,1700000330.0,4b1805,SWR12X,Switzerland,52.11482,17.59088,10805.1,10818.4,235.0,200.0,0.0,False,1700000330.0,1700000330.0,0,0,
22,22,1700000330.0,440048,BAW893,United Kingdom,53.3876,17.12147,11966.4,11979.8,250.0,60.0,0.0,False,1700000330.0,1700000330.0,0,0,
22,22,1700000330.0,4ac9b0,SAS2HK,Sweden,55.15852,18.03897,10498.2,10528.6,220.0,120.0,0.0,False,1700000330.0,1700000330.0,0,0,
22,22,1700000330.0,3917a3,AFR1219,France,50.39537,15.05092,11028.0,11044.1,225.0,150.0,0.0,False,1700000330.0,1700000330.0,0,0,
22,22,1700000330.0,46b8c1,FIN6KP,Finland,55.37313,20.5954,10049.3,10074.6,215.0,200.0,0.0,False,1700000330.0,1700000330.0,0,0,
22,22,1700000330.0,4ca8e0,RYR3LM,Ireland,53.33989,18.75168,11233.0,11252.3,232.0,240.0,0.0,False,1700000330.0,1700000330.0,0,0,
22,22,1700000330.0,478129,WZZ2BV,Hungary,51.81831,21.41391,10788.4,10815.9,220.0,280.0,0.0,False,1700000330.0,1700000330.0,0,0,
22,22,1700000330.0,4ba8c2,TAR9FX,Turkey,52.19972,22.25976,9481.6,9500.0,245.0,270.0,0.0,False,1700000330.0,1700000330.0,0,0,
22,22,1700000330.0,4cab4c,EZY42AC,United Kingdom,54.47149,18.75331,11800.4,11814.4,238.0,100.0,0.0,False,1700000330.0,1700000330.0,0,0,
23,23,1700000345.0,4ca87b,RYR2KE,Ireland,56.89971,18.31784,9001.8,9030.4,230.0,90.0,0.0,False,1700000345.0,1700000345.0,0,1,teleport
23,23,1700000345.0,471f8b,LOT283,Poland,53.04552,20.14301,9505.5,9516.7,220.0,320.0,0.0,False,1700000345.0,1700000345.0,0,0,
23,23,1700000345.0,3c6589,DLH4ZW,Germany,56.13463,14.3264,9484.6,9519.2,240.0,80.0,0.0,False,1700000345.0,1700000345.0,0,1,teleport
23,23,1700000345.0,4b1805,SWR12X,Switzerland,52.08503,17.57324,10805.5,10815.2,235.0,200.0,0.0,False,1700000345.0,1700000345.0,0,0,
23,23,1700000345.0,440048,BAW893,United Kingdom,53.40446,17.17046,11961.0,11978.1,250.0,60.0,0.0,False,1700000345.0,1700000345.0,0,0,
23,23,1700000345.0,4ac9b0,SAS2HK,Sweden,55.14367,18.08394,10503.1,10513.3,220.0,120.0,0.0,False,1700000345.0,1700000345.0,0,0,
23,23,1700000345.0,3917a3,AFR1219,France,50.36908,15.07471,11025.0,11047.4,225.0,150.0,0.0,False,1700000345.0,1700000345.0,0,0,
23,23,1700000345.0,46b8c1,FIN6KP,Finland,55.34587,20.57796,10047.0,10064.0,215.0,200.0,0.0,False,1700000345.0,1700000345.0,0,0,
23,23,1700000345.0,4ca8e0,RYR3LM,Ireland,53.32424,18.70631,11232.0,11243.9,232.0,240.0,0.0,False,1700000345.0,1700000345.0,0,0,
23,23,1700000345.0,478129,WZZ2BV,Hungary,51.82346,21.36663,10788.4,10812.3,220.0,280.0,0.0,False,1700000345.0,1700000345.0,0,0,
23,23,1700000345.0,4ba8c2,TAR9FX,Turkey,52.19971,22.20584,9477.7,9495.0,245.0,270.0,0.0,False,1700000345.0,1700000345.0,0,0,
23,23,1700000345.0,4cab4c,EZY42AC,United Kingdom,54.4659,18.80771,11789.0,11803.2,238.0,100.0,0.0,False,1700000345.0,1700000345.0,0,0,
24,24,1700000360.0,4ca87b,RYR2KE,Ireland,56.89969,18.37466,9008.7,9037.8,230.0,90.0,0.0,False,1700000360.0,1700000360.0,0,1,teleport
24,24,1700000360.0,471f8b,LOT283,Poland,53.06825,20.11126,9502.2,9524.9,220.0,320.0,0.0,False,1700000360.0,1700000360.0,0,0,
24,24,1700000360.0,3c6589,DLH4ZW,Germany,56.14023,14.38363,9492.9,9511.5,240.0,80.0,0.0,False,1700000360.0,1700000360.0,0,1,teleport
24,24,1700000360.0,4b1805,SWR12X,Switzerland,52.05523,17.5556,10812.7,10839.1,235.0,200.0,0.0,False,1700000360.0,1700000360.0,0,0,
24,24,1700000360.0,440048,BAW893,United Kingdom,53.42131,17.21947,11958.9,11980.8,250.0,60.0,0.0,False,1700000360.0,1700000360.0,0,0,
24,24,1700000360.0,4ac9b0,SAS2HK,Sweden,55.12882,18.1289,10502.5,10521.6,220.0,120.0,0.0,False,1700000360.0,1700000360.0,0,0,
24,24,1700000360.0,3917a3,AFR1219,France,50.3428,15.09849,11036.1,11054.7,225.0,150.0,0.0,False,1700000360.0,1700000360.0,0,0,
24,24,1700000360.0,46b8c1,FIN6KP,Finland,55.31862,20.56053,10041.0,10053.3,215.0,200.0,0.0,False,1700000360.0,1700000360.0,0,0,
24,24,1700000360.0,4ca8e0,RYR3LM,Ireland,53.30858,18.66094,11237.8,11256.1,232.0,240.0,0.0,False,1700000360.0,1700000360.0,0,0,
24,24,1700000360.0,478129,WZZ2BV,Hungary,51.8286,21.31934,10788.3,10814.6,220.0,280.0,0.0,False,1700000360.0,1700000360.0,0,0,
24,24,1700000360.0,4ba8c2,TAR9FX,Turkey,52.19969,22.15192,9472.6,9489.5,245.0,270.0,0.0,False,1700000360.0,1700000360.0,0,0,
24,24,1700000360.0,4cab4c,EZY42AC,United Kingdom,54.46032,18.86211,11791.5,11807.9,238.0,100.0,0.0,False,1700000360.0,1700000360.0,0,0,
25,25,1700000375.0,4ca87b,RYR2KE,Ireland,56.89968,18.43147,9014.6,9035.9,230.0,90.0,0.0,False,1700000375.0,1700000375.0,0,1,teleport
25,25,1700000375.0,471f8b,LOT283,Poland,53.09098,20.0795,9495.4,9515.9,220.0,320.0,0.0,False,1700000375.0,1700000375.0,0,0,
25,25,1700000375.0,3c6589,DLH4ZW,Germany,56.14584,14.44086,9495.4,9521.1,240.0,80.0,0.0,False,1700000375.0,1700000375.0,0,1,teleport
25,25,1700000375.0,4b1805,SWR12X,Switzerland,52.02544,17.53798,10805.5,10825.4,235.0,200.0,0.0,False,1700000375.0,1700000375.0,0,0,
25,25,1700000375.0,440048,BAW893,United Kingdom,53.43816,17.2685,11960.3,11980.3,250.0,60.0,0.0,False,1700000375.0,1700000375.0,0,0,
25,25,1700000375.0,4ac9b0,SAS2HK,Sweden,55.11397,18.17383,10507.3,10534.8,220.0,120.0,0.0,False,1700000375.0,1700000375.0,0,0,
25,25,1700000375.0,3917a3,AFR1219,France,50.31651,15.12226,11023.9,11047.6,225.0,150.0,0.0,False,1700000375.0,1700000375.0,0,0,
25,25,1700000375.0,46b8c1,FIN6KP,Finland,55.29136,20.54311,10046.8,10061.0,215.0,200.0,0.0,False,1700000375.0,1700000375.0,0,0,
25,25,1700000375.0,4ca8e0,RYR3LM,Ireland,53.29292,18.6156,11238.6,11247.2,232.0,240.0,0.0,False,1700000375.0,1700000375.0,0,0,
25,25,1700000375.0,478129,WZZ2BV,Hungary,51.83374,21.27204,10789.4,10818.4,220.0,280.0,0.0,False,1700000375.0,1700000375.0,0,0,
25,25,1700000375.0,4ba8c2,TAR9FX,Turkey,52.19968,22.098,9480.2,9499.8,245.0,270.0,0.0,False,1700000375.0,1700000375.0,0,0,
25,25,1700000375.0,4cab4c,EZY42AC,United Kingdom,54.45473,18.9165,11798.7,11825.9,238.0,100.0,0.0,False,1700000375.0,1700000375.0,0,0,
26,26,1700000390.0,4ca87b,RYR2KE,Ireland,56.89967,18.48829,9011.0,9040.5,230.0,90.0,0.0,False,1700000390.0,1700000390.0,0,1,teleport
26,26,1700000390.0,471f8b,LOT283,Poland,53.11371,20.04772,9493.6,9514.6,220.0,320.0,0.0,False,1700000390.0,1700000390.0,0,0,
26,26,1700000390.0,3c6589,DLH4ZW,Germany,56.15145,14.4981,9488.7,9490.9,240.0,80.0,0.0,False,1700000390.0,1700000390.0,0,1,teleport
26,26,1700000390.0,4b1805,SWR12X,Switzerland,51.99565,17.52037,10810.6,10828.6,235.0,200.0,0.0,False,1700000390.0,1700000390.0,0,0,
26,26,1700000390.0,440048,BAW893,United Kingdom,53.45501,17.31755,11952.5,11978.9,250.0,60.0,0.0,False,1700000390.0,1700000390.0,0,0,
26,26,1700000390.0,4ac9b0,SAS2HK,Sweden,55.09913,18.21875,10502.0,10522.9,220.0,120.0,0.0,False,1700000390.0,1700000390.0,0,0,
26,26,1700000390.0,3917a3,AFR1219,France,50.29022,15.14601,11022.3,11047.4,225.0,150.0,0.0,False,1700000390.0,1700000390.0,0,0,
26,26,1700000390.0,46b8c1,FIN6KP,Finland,55.26411,20.5257,10037.8,10062.4,215.0,200.0,0.0,False,1700000390.0,1700000390.0,0,0,
26,26,1700000390.0,4ca8e0,RYR3LM,Ireland,53.27726,18.57027,11237.8,11255.1,232.0,240.0,0.0,False,1700000390.0,1700000390.0,0,0,
26,26,1700000390.0,478129,WZZ2BV,Hungary,51.83889,21.22474,10793.7,10807.3,220.0,280.0,0.0,False,1700000390.0,1700000390.0,0,0,
26,26,1700000390.0,4ba8c2,TAR9FX,Turkey,52.19967,22.04407,9477.7,9507.9,245.0,270.0,0.0,False,1700000390.0,1700000390.0,0,0,
26,26,1700000390.0,4cab4c,EZY42AC,United Kingdom,54.44914,18.97088,11792.9,11812.4,238.0,100.0,0.0,False,1700000390.0,1700000390.0,0,0,
27,27,1700000405.0,4ca87b,RYR2KE,Ireland,56.89965,18.5451,8999.7,9023.2,230.0,90.0,0.0,False,1700000405.0,1700000405.0,0,1,teleport
27,27,1700000405.0,471f8b,LOT283,Poland,53.13645,20.01592,9488.7,9510.1,220.0,320.0,0.0,False,1700000405.0,1700000405.0,0,0,
27,27,1700000405.0,3c6589,DLH4ZW,Germany,56.15706,14.55535,9487.6,9505.5,240.0,80.0,0.0,False,1700000405.0,1700000405.0,0,1,teleport
27,27,1700000405.0,4b1805,SWR12X,Switzerland,51.96586,17.50277,10809.8,10824.1,235.0,200.0,0.0,False,1700000405.0,1700000405.0,0,0,
27,27,1700000405.0,440048,BAW893,United Kingdom,53.47186,17.36662,11950.5,11967.6,250.0,60.0,0.0,False,1700000405.0,1700000405.0,0,0,
27,27,1700000405.0,4ac9b0,SAS2HK,Sweden,55.08428,18.26366,10501.4,10528.8,220.0,120.0,0.0,False,1700000405.0,1700000405.0,0,0,
27,27,1700000405.0,3917a3,AFR1219,France,50.26393,15.16975,11020.3,11040.6,225.0,150.0,0.0,False,1700000405.0,1700000405.0,0,0,
27,27,1700000405.0,46b8c1,FIN6KP,Finland,55.23685,20.5083,10030.2,10051.6,215.0,200.0,0.0,False,1700000405.0,1700000405.0,0,0,
27,27,1700000405.0,4ca8e0,RYR3LM,Ireland,53.26161,18.52496,11232.8,11254.1,232.0,240.0,0.0,False,1700000405.0,1700000405.0,0,0,
27,27,1700000405.0,478129,WZZ2BV,Hungary,51.84403,21.17743,10803.3,10818.4,220.0,280.0,0.0,False,1700000405.0,1700000405.0,0,0,
27,27,1700000405.0,4ba8c2,TAR9FX,Turkey,52.19966,21.99015,9479.4,9497.7,245.0,270.0,0.0,False,1700000405.0,1700000405.0,0,0,
27,27,1700000405.0,4cab4c,EZY42AC,United Kingdom,54.44355,19.02525,11797.2,11808.5,238.0,100.0,0.0,False,1700000405.0,1700000405.0,0,0,
28,28,1700000420.0,4ca87b,RYR2KE,Ireland,56.89964,18.60191,8992.9,9012.9,230.0,90.0,0.0,False,1700000420.0,1700000420.0,0,1,teleport
28,28,1700000420.0,471f8b,LOT283,Poland,53.15918,19.9841,9483.3,9499.7,220.0,320.0,0.0,False,1700000420.0,1700000420.0,0,0,
28,28,1700000420.0,3c6589,DLH4ZW,Germany,56.16267,14.61261,9496.8,9514.8,240.0,80.0,0.0,False,1700000420.0,1700000420.0,0,1,teleport
28,28,1700000420.0,4b1805,SWR12X,Switzerland,51.93607,17.48519,10814.8,10833.4,235.0,200.0,0.0,False,1700000420.0,1700000420.0,0,0,
28,28,1700000420.0,440048,BAW893,United Kingdom,53.48872,17.4157,11949.7,11970.0,250.0,60.0,0.0,False,1700000420.0,1700000420.0,0,0,
28,28,1700000420.0,4ac9b0,SAS2HK,Sweden,55.06943,18.30855,10507.7,10530.8,220.0,120.0,0.0,False,1700000420.0,1700000420.0,0,0,
28,28,1700000420.0,3917a3,AFR1219,France,50.23764,15.19348,11021.4,11040.2,225.0,150.0,0.0,False,1700000420.0,1700000420.0,0,0,
28,28,1700000420.0,46b8c1,FIN6KP,Finland,55.2096,20.49091,10030.6,10052.9,215.0,200.0,0.0,False,1700000420.0,1700000420.0,0,0,
28,28,1700000420.0,4ca8e0,RYR3LM,Ireland,53.24595,18.47967,11227.4,11239.4,232.0,240.0,0.0,False,1700000420.0,1700000420.0,0,0,
28,28,1700000420.0,478129,WZZ2BV,Hungary,51.84918,21.13012,10786.3,10803.3,220.0,280.0,0.0,False,1700000420.0,1700000420.0,0,0,
28,28,1700000420.0,4ba8c2,TAR9FX,Turkey,52.19964,21.93623,9474.3,9497.4,245.0,270.0,0.0,False,1700000420.0,1700000420.0,0,0,
28,28,1700000420.0,4cab4c,EZY42AC,United Kingdom,54.43797,19.07962,11797.7,11818.2,238.0,100.0,0.0,False,1700000420.0,1700000420.0,0,0,
29,29,1700000435.0,4ca87b,RYR2KE,Ireland,56.89963,18.65873,8989.0,9013.0,230.0,90.0,0.0,False,1700000435.0,1700000435.0,0,1,teleport
29,29,1700000435.0,471f8b,LOT283,Poland,53.18191,19.95227,9473.6,9504.4,220.0,320.0,0.0,False,1700000435.0,1700000435.0,0,0,
29,29,1700000435.0,3c6589,DLH4ZW,Germany,56.16828,14.66988,9501.4,9520.1,240.0,80.0,0.0,False,1700000435.0,1700000435.0,0,1,teleport
29,29,1700000435.0,4b1805,SWR12X,Switzerland,51.90628,17.46761,10820.5,10842.1,235.0,200.0,0.0,False,1700000435.0,1700000435.0,0,0,
29,29,1700000435.0,440048,BAW893,United Kingdom,53.50557,17.46481,11946.6,11965.6,250.0,60.0,0.0,False,1700000435.0,1700000435.0,0,0,
29,29,1700000435.0,4ac9b0,SAS2HK,Sweden,55.05459,18.35342,10501.7,10527.3,220.0,120.0,0.0,False,1700000435.0,1700000435.0,0,0,
29,29,1700000435.0,3917a3,AFR1219,France,50.21136,15.21719,11019.1,11030.5,225.0,150.0,0.0,False,1700000435.0,1700000435.0,0,0,
29,29,1700000435.0,46b8c1,FIN6KP,Finland,55.18234,20.47354,10024.6,10045.6,215.0,200.0,0.0,False,1700000435.0,1700000435.0,0,0,
29,29,1700000435.0,4ca8e0,RYR3LM,Ireland,53.23029,18.43439,11235.0,11249.7,232.0,240.0,0.0,False,1700000435.0,1700000435.0,0,0,
29,29,1700000435.0,478129,WZZ2BV,Hungary,51.85432,21.0828,10787.0,10797.9,220.0,280.0,0.0,False,1700000435.0,1700000435.0,0,0,
29,29,1700000435.0,4ba8c2,TAR9FX,Turkey,52.19963,21.8823,9471.5,9487.6,245.0,270.0,0.0,False,1700000435.0,1700000435.0,0,0,
29,29,1700000435.0,4cab4c,EZY42AC,United Kingdom,54.43238,19.13397,11798.0,11815.7,238.0,100.0,0.0,False,1700000435.0,1700000435.0,0,0,
30,30,1700000450.0,4ca87b,RYR2KE,Ireland,56.89962,18.71554,8993.9,9013.9,230.0,90.0,0.0,False,1700000450.0,1700000450.0,0,1,teleport
30,30,1700000450.0,471f8b,LOT283,Poland,53.20464,19.92042,9472.2,9494.9,220.0,320.0,0.0,False,1700000450.0,1700000450.0,0,0,
30,30,1700000450.0,3c6589,DLH4ZW,Germany,56.17389,14.72715,9497.5,9515.7,240.0,80.0,0.0,False,1700000450.0,1700000450.0,0,1,teleport
30,30,1700000450.0,4b1805,SWR12X,Switzerland,51.87649,17.45005,10823.3,10849.1,235.0,200.0,0.0,False,1700000450.0,1700000450.0,0,0,
30,30,1700000450.0,440048,BAW893,United Kingdom,53.52242,17.51394,11948.1,11961.9,250.0,60.0,0.0,False,1700000450.0,1700000450.0,0,0,
30,30,1700000450.0,4ac9b0,SAS2HK,Sweden,55.03974,18.39827,10497.4,10512.8,220.0,120.0,0.0,False,1700000450.0,1700000450.0,0,0,
30,30,1700000450.0,3917a3,AFR1219,France,50.18507,15.24089,11019.2,11035.6,225.0,150.0,0.0,False,1700000450.0,1700000450.0,0,0,
30,30,1700000450.0,46b8c1,FIN6KP,Finland,55.15509,20.45618,10024.5,10037.3,215.0,200.0,0.0,False,1700000450.0,1700000450.0,0,0,
30,30,1700000450.0,4ca8e0,RYR3LM,Ireland,53.21464,18.38913,11232.1,11254.4,232.0,240.0,0.0,False,1700000450.0,1700000450.0,0,0,
30,30,1700000450.0,478129,WZZ2BV,Hungary,51.85946,21.03547,10785.5,10801.9,220.0,280.0,0.0,False,1700000450.0,1700000450.0,0,0,
30,30,1700000450.0,4ba8c2,TAR9FX,Turkey,52.19962,21.82838,9470.6,9491.9,245.0,270.0,0.0,False,1700000450.0,1700000450.0,0,0,
30,30,1700000450.0,4cab4c,EZY42AC,United Kingdom,54.42679,19.18832,11796.1,11815.3,238.0,100.0,0.0,False,1700000450.0,1700000450.0,0,0,
31,31,1700000465.0,4ca87b,RYR2KE,Ireland,56.8996,18.77236,8985.6,8995.0,230.0,90.0,0.0,False,1700000465.0,1700000465.0,0,1,teleport
31,31,1700000465.0,471f8b,LOT283,Poland,53.22737,19.88855,9471.3,9498.8,220.0,320.0,0.0,False,1700000465.0,1700000465.0,0,0,
31,31,1700000465.0,3c6589,DLH4ZW,Germany,56.1795,14.78444,9499.0,9515.7,240.0,80.0,0.0,False,1700000465.0,1700000465.0,0,1,teleport
31,31,1700000465.0,4b1805,SWR12X,Switzerland,51.8467,17.4325,10822.2,10835.7,235.0,200.0,0.0,False,1700000465.0,1700000465.0,0,0,
31,31,1700000465.0,440048,BAW893,United Kingdom,53.53927,17.56308,11947.7,11968.2,250.0,60.0,0.0,False,1700000465.0,1700000465.0,0,0,
31,31,1700000465.0,4ac9b0,SAS2HK,Sweden,55.02489,18.44311,10503.2,10523.4,220.0,120.0,0.0,False,1700000465.0,1700000465.0,0,0,
31,31,1700000465.0,3917a3,AFR1219,France,50.15878,15.26458,11019.5,11042.4,225.0,150.0,0.0,False,1700000465.0,1700000465.0,0,0,
31,31,1700000465.0,46b8c1,FIN6KP,Finland,55.12783,20.43883,10028.5,10052.9,215.0,200.0,0.0,False,1700000465.0,1700000465.0,0,0,
31,31,1700000465.0,4ca8e0,RYR3LM,Ireland,53.19898,18.34388,11231.0,11244.3,232.0,240.0,0.0,False,1700000465.0,1700000465.0,0,0,
31,31,1700000465.0,478129,WZZ2BV,Hungary,51.86461,20.98815,10791.2,10814.4,220.0,280.0,0.0,False,1700000465.0,1700000465.0,0,0,
31,31,1700000465.0,4ba8c2,TAR9FX,Turkey,52.19961,21.77446,9474.4,9492.1,245.0,270.0,0.0,False,1700000465.0,1700000465.0,0,0,
31,31,1700000465.0,4cab4c,EZY42AC,United Kingdom,54.4212,19.24267,11785.5,11802.8,238.0,100.0,0.0,False,1700000465.0,1700000465.0,0,0,
32,32,1700000480.0,4ca87b,RYR2KE,Ireland,56.89959,18.82917,8985.7,8999.0,230.0,90.0,0.0,False,1700000480.0,1700000480.0,0,1,teleport
32,32,1700000480.0,471f8b,LOT283,Poland,53.2501,19.85667,9473.1,9504.6,220.0,320.0,0.0,False,1700000480.0,1700000480.0,0,0,
32,32,1700000480.0,3c6589,DLH4ZW,Germany,56.1851,14.84173,9506.1,9517.6,240.0,80.0,0.0,False,1700000480.0,1700000480.0,0,1,teleport
32,32,1700000480.0,4b1805,SWR12X,Switzerland,51.81691,17.41496,10818.4,10842.1,235.0,200.0,0.0,False,1700000480.0,1700000480.0,0,0,
32,32,1700000480.0,440048,BAW893,United Kingdom,53.55613,17.61225,11948.1,11963.0,250.0,60.0,0.0,False,1700000480.0,1700000480.0,0,0,
32,32,1700000480.0,4ac9b0,SAS2HK,Sweden,55.01005,18.48793,10504.2,10519.7,220.0,120.0,0.0,False,1700000480.0,1700000480.0,0,0,
32,32,1700000480.0,3917a3,AFR1219,France,50.13249,15.28826,11017.1,11044.9,225.0,150.0,0.0,False,1700000480.0,1700000480.0,0,0,
32,32,1700000480.0,46b8c1,FIN6KP,Finland,55.10058,20.42149,10031.3,10048.1,215.0,200.0,0.0,False,1700000480.0,1700000480.0,0,0,
32,32,1700000480.0,4ca8e0,RYR3LM,Ireland,53.18332,18.29865,11230.3,11250.9,232.0,240.0,0.0,False,1700000480.0,1700000480.0,0,0,
32,32,1700000480.0,478129,WZZ2BV,Hungary,51.86975,20.94081,10794.1,10810.2,220.0,280.0,0.0,False,1700000480.0,1700000480.0,0,0,
32,32,1700000480.0,4ba8c2,TAR9FX,Turkey,52.19959,21.72053,9481.1,9494.8,245.0,270.0,0.0,False,1700000480.0,1700000480.0,0,0,
32,32,1700000480.0,4cab4c,EZY42AC,United Kingdom,54.41562,19.297,11789.5,11817.6,238.0,100.0,0.0,False,1700000480.0,1700000480.0,0,0,
33,33,1700000495.0,4ca87b,RYR2KE,Ireland,56.89958,18.88598,8983.9,9003.8,230.0,90.0,0.0,False,1700000495.0,1700000495.0,0,1,teleport
33,33,1700000495.0,471f8b,LOT283,Poland,53.27283,19.82477,9475.8,9486.1,220.0,320.0,0.0,False,1700000495.0,1700000495.0,0,0,
33,33,1700000495.0,3c6589,DLH4ZW,Germany,56.19071,14.89903,9495.8,9514.4,240.0,80.0,0.0,False,1700000495.0,1700000495.0,0,1,teleport
33,33,1700000495.0,4b1805,SWR12X,Switzerland,51.78712,17.39743,10828.0,10840.9,235.0,200.0,0.0,False,1700000495.0,1700000495.0,0,0,
33,33,1700000495.0,440048,BAW893,United Kingdom,53.57298,17.66144,11945.7,11962.0,250.0,60.0,0.0,False,1700000495.0,1700000495.0,0,0,
33,33,1700000495.0,4ac9b0,SAS2HK,Sweden,54.9952,18.53273,10505.1,10523.4,220.0,120.0,0.0,False,1700000495.0,1700000495.0,0,0,
33,33,1700000495.0,3917a3,AFR1219,France,50.1062,15.31192,11012.8,11030.6,225.0,150.0,0.0,False,1700000495.0,1700000495.0,0,0,
33,33,1700000495.0,46b8c1,FIN6KP,Finland,55.07332,20.40416,10040.2,10064.1,215.0,200.0,0.0,False,1700000495.0,1700000495.0,0,0,
33,33,1700000495.0,4ca8e0,RYR3LM,Ireland,53.16767,18.25344,11232.8,11251.0,232.0,240.0,0.0,False,1700000495.0,1700000495.0,0,0,
33,33,1700000495.0,478129,WZZ2BV,Hungary,51.8749,20.89347,10799.2,10807.2,220.0,280.0,0.0,False,1700000495.0,1700000495.0,0,0,
33,33,1700000495.0,4ba8c2,TAR9FX,Turkey,52.19958,21.66661,9485.8,9502.2,245.0,270.0,0.0,False,1700000495.0,1700000495.0,0,0,
33,33,1700000495.0,4cab4c,EZY42AC,United Kingdom,54.41003,19.35133,11783.5,11815.6,238.0,100.0,0.0,False,1700000495.0,1700000495.0,0,0,
34,34,1700000510.0,4ca87b,RYR2KE,Ireland,56.89956,18.9428,8990.5,9005.0,230.0,90.0,0.0,False,1700000510.0,1700000510.0,0,1,teleport
34,34,1700000510.0,471f8b,LOT283,Poland,53.29556,19.79285,9471.6,9494.6,220.0,320.0,0.0,False,1700000510.0,1700000510.0,0,0,
34,34,1700000510.0,3c6589,DLH4ZW,Germany,56.19632,14.95634,9498.7,9519.4,240.0,80.0,0.0,False,1700000510.0,1700000510.0,0,1,teleport
34,34,1700000510.0,4b1805,SWR12X,Switzerland,51.75733,17.37992,10825.1,10847.2,235.0,200.0,0.0,False,1700000510.0,1700000510.0,0,0,
34,34,1700000510.0,440048,BAW893,United Kingdom,53.58983,17.71064,11944.6,11963.7,250.0,60.0,0.0,False,1700000510.0,1700000510.0,0,0,
34,34,1700000510.0,4ac9b0,SAS2HK,Sweden,54.98035,18.57752,10515.5,10538.4,220.0,120.0,0.0,False,1700000510.0,1700000510.0,0,0,
34,34,1700000510.0,3917a3,AFR1219,France,50.07992,15.33557,11013.9,11033.7,225.0,150.0,0.0,False,1700000510.0,1700000510.0,0,0,
34,34,1700000510.0,46b8c1,FIN6KP,Finland,55.04607,20.38685,10040.3,10059.0,215.0,200.0,0.0,False,1700000510.0,1700000510.0,0,0,
34,34,1700000510.0,4ca8e0,RYR3LM,Ireland,53.15201,18.20825,11237.8,11254.7,232.0,240.0,0.0,False,1700000510.0,1700000510.0,0,0,
34,34,1700000510.0,478129,WZZ2BV,Hungary,51.88004,20.84613,10802.8,10825.7,220.0,280.0,0.0,False,1700000510.0,1700000510.0,0,0,
34,34,1700000510.0,4ba8c2,TAR9FX,Turkey,52.19957,21.61269,9491.1,9522.0,245.0,270.0,0.0,False,1700000510.0,1700000510.0,0,0,
34,34,1700000510.0,4cab4c,EZY42AC,United Kingdom,54.40444,19.40565,11778.0,11796.4,238.0,100.0,0.0,False,1700000510.0,1700000510.0,0,0,
35,35,1700000525.0,4ca87b,RYR2KE,Ireland,56.89955,18.99961,8996.6,9014.5,230.0,90.0,0.0,False,1700000525.0,1700000525.0,0,1,teleport
35,35,1700000525.0,471f8b,LOT283,Poland,53.31829,19.76092,9477.9,9500.5,220.0,320.0,0.0,False,1700000525.0,1700000525.0,0,0,
35,35,1700000525.0,3c6589,DLH4ZW,Germany,56.20193,15.01365,9494.1,9509.9,240.0,80.0,0.0,False,1700000525.0,1700000525.0,0,1,teleport
35,35,1700000525.0,4b1805,SWR12X,Switzerland,51.72754,17.36241,10835.3,10867.4,235.0,200.0,0.0,False,1700000525.0,1700000525.0,0,0,
35,35,1700000525.0,440048,BAW893,United Kingdom,53.60668,17.75987,11941.4,11962.8,250.0,60.0,0.0,False,1700000525.0,1700000525.0,0,0,
35,35,1700000525.0,4ac9b0,SAS2HK,Sweden,54.9655,18.62229,10512.5,10532.4,220.0,120.0,0.0,False,1700000525.0,1700000525.0,0,0,
35,35,1700000525.0,3917a3,AFR1219,France,50.05363,15.3592,11003.2,11026.6,225.0,150.0,0.0,False,1700000525.0,1700000525.0,0,0,
35,35,1700000525.0,46b8c1,FIN6KP,Finland,55.01881,20.36955,10039.6,10061.9,215.0,200.0,0.0,False,1700000525.0,1700000525.0,0,0,
35,35,1700000525.0,4ca8e0,RYR3LM,Ireland,53.13635,18.16307,11233.3,11251.3,232.0,240.0,0.0,False,1700000525.0,1700000525.0,0,0,
35,35,1700000525.0,478129,WZZ2BV,Hungary,51.88518,20.79877,10801.5,10814.7,220.0,280.0,0.0,False,1700000525.0,1700000525.0,0,0,
35,35,1700000525.0,4ba8c2,TAR9FX,Turkey,52.19956,21.55877,9481.8,9500.1,245.0,270.0,0.0,False,1700000525.0,1700000525.0,0,0,
35,35,1700000525.0,4cab4c,EZY42AC,United Kingdom,54.39886,19.45997,11779.6,11796.0,238.0,100.0,0.0,False,1700000525.0,1700000525.0,0,0,
36,36,1700000540.0,4ca87b,RYR2KE,Ireland,56.89954,19.05643,8999.9,9017.9,230.0,90.0,0.0,False,1700000540.0,1700000540.0,0,1,teleport
36,36,1700000540.0,471f8b,LOT283,Poland,53.34102,19.72897,9478.7,9501.5,220.0,320.0,0.0,False,1700000540.0,1700000540.0,0,0,
36,36,1700000540.0,3c6589,DLH4ZW,Germany,56.20754,15.07098,9504.3,9516.2,240.0,80.0,0.0,False,1700000540.0,1700000540.0,0,1,teleport
36,36,1700000540.0,4b1805,SWR12X,Switzerland,51.69775,17.34492,10839.1,10857.3,235.0,200.0,0.0,False,1700000540.0,1700000540.0,0,0,
36,36,1700000540.0,440048,BAW893,United Kingdom,53.62353,17.80911,11936.0,11943.3,250.0,60.0,0.0,False,1700000540.0,1700000540.0,0,0,
36,36,1700000540.0,4ac9b0,SAS2HK,Sweden,54.95066,18.66704,10518.5,10544.0,220.0,120.0,0.0,False,1700000540.0,1700000540.0,0,0,
36,36,1700000540.0,3917a3,AFR1219,France,50.02734,15.38283,11005.1,11028.4,225.0,150.0,0.0,False,1700000540.0,1700000540.0,0,0,
36,36,1700000540.0,46b8c1,FIN6KP,Finland,54.99156,20.35226,10038.6,10056.2,215.0,200.0,0.0,False,1700000540.0,1700000540.0,0,0,
36,36,1700000540.0,4ca8e0,RYR3LM,Ireland,53.1207,18.1179,11243.9,11265.9,232.0,240.0,0.0,False,1700000540.0,1700000540.0,0,0,
36,36,1700000540.0,478129,WZZ2BV,Hungary,51.89033,20.75142,10796.2,10808.2,220.0,280.0,0.0,False,1700000540.0,1700000540.0,0,0,
36,36,1700000540.0,4ba8c2,TAR9FX,Turkey,52.19955,21.50484,9490.1,9511.2,245.0,270.0,0.0,False,1700000540.0,1700000540.0,0,0,
36,36,1700000540.0,4cab4c,EZY42AC,United Kingdom,54.39327,19.51427,11785.4,11805.2,238.0,100.0,0.0,False,1700000540.0,1700000540.0,0,0,
37,37,1700000555.0,4ca87b,RYR2KE,Ireland,56.89953,19.11324,8997.5,9022.3,230.0,90.0,0.0,False,1700000555.0,1700000555.0,0,1,teleport
37,37,1700000555.0,471f8b,LOT283,Poland,53.36375,19.697,9481.4,9502.7,220.0,320.0,0.0,False,1700000555.0,1700000555.0,0,0,
37,37,1700000555.0,3c6589,DLH4ZW,Germany,56.21315,15.12831,9510.2,9527.6,240.0,80.0,0.0,False,1700000555.0,1700000555.0,0,1,teleport
37,37,1700000555.0,4b1805,SWR12X,Switzerland,51.66796,17.32744,10833.2,10854.9,235.0,200.0,0.0,False,1700000555.0,1700000555.0,0,0,
37,37,1700000555.0,440048,BAW893,United Kingdom,53.64039,17.85837,11933.9,11963.7,250.0,60.0,0.0,False,1700000555.0,1700000555.0,0,0,
37,37,1700000555.0,4ac9b0,SAS2HK,Sweden,54.93581,18.71178,10520.8,10535.6,220.0,120.0,0.0,False,1700000555.0,1700000555.0,0,0,
37,37,1700000555.0,3917a3,AFR1219,France,50.00105,15.40644,11005.0,11026.0,225.0,150.0,0.0,False,1700000555.0,1700000555.0,0,0,
37,37,1700000555.0,46b8c1,FIN6KP,Finland,54.9643,20.33498,10036.2,10053.7,215.0,200.0,0.0,False,1700000555.0,1700000555.0,0,0,
37,37,1700000555.0,4ca8e0,RYR3LM,Ireland,53.10504,18.07276,11238.2,11247.6,232.0,240.0,0.0,False,1700000555.0,1700000555.0,0,0,
37,37,1700000555.0,478129,WZZ2BV,Hungary,51.89547,20.70406,10794.9,10807.0,220.0,280.0,0.0,False,1700000555.0,1700000555.0,0,0,
37,37,1700000555.0,4ba8c2,TAR9FX,Turkey,52.19953,21.45092,9485.6,9508.8,245.0,270.0,0.0,False,1700000555.0,1700000555.0,0,0,
37,37,1700000555.0,4cab4c,EZY42AC,United Kingdom,54.38768,19.56857,11781.2,11792.9,238.0,100.0,0.0,False,1700000555.0,1700000555.0,0,0,
38,38,1700000570.0,4ca87b,RYR2KE,Ireland,56.89951,19.17005,9002.0,9026.4,230.0,90.0,0.0,False,1700000570.0,1700000570.0,0,1,teleport
38,38,1700000570.0,471f8b,LOT283,Poland,53.38648,19.66502,9484.5,9507.3,220.0,320.0,0.0,False,1700000570.0,1700000570.0,0,0,
38,38,1700000570.0,3c6589,DLH4ZW,Germany,56.21876,15.18566,9502.6,9517.3,240.0,80.0,0.0,False,1700000570.0,1700000570.0,0,1,teleport
38,38,1700000570.0,4b1805,SWR12X,Switzerland,51.63817,17.30997,10827.6,10840.8,235.0,200.0,0.0,False,1700000570.0,1700000570.0,0,0,
38,38,1700000570.0,440048,BAW893,United Kingdom,53.65724,17.90766,11932.7,11957.2,250.0,60.0,0.0,False,1700000570.0,1700000570.0,0,0,
38,38,1700000570.0,4ac9b0,SAS2HK,Sweden,54.92096,18.7565,10522.6,10539.8,220.0,120.0,0.0,False,1700000570.0,1700000570.0,0,0,
38,38,1700000570.0,3917a3,AFR1219,France,49.97476,15.43003,11008.8,11034.5,225.0,150.0,0.0,False,1700000570.0,1700000570.0,0,0,
38,38,1700000570.0,46b8c1,FIN6KP,Finland,54.93704,20.31771,10032.4,10047.2,215.0,200.0,0.0,False,1700000570.0,1700000570.0,0,0,
38,38,1700000570.0,4ca8e0,RYR3LM,Ireland,53.08938,18.02763,11235.1,11260.6,232.0,240.0,0.0,False,1700000570.0,1700000570.0,0,0,
38,38,1700000570.0,478129,WZZ2BV,Hungary,51.90062,20.65669,10792.2,10813.5,220.0,280.0,0.0,False,1700000570.0,1700000570.0,0,0,
38,38,1700000570.0,4ba8c2,TAR9FX,Turkey,52.19952,21.397,9485.7,9502.6,245.0,270.0,0.0,False,1700000570.0,1700000570.0,0,0,
38,38,1700000570.0,4cab4c,EZY42AC,United Kingdom,54.38209,19.62286,11787.6,11819.6,238.0,100.0,0.0,False,1700000570.0,1700000570.0,0,0,
39,39,1700000585.0,4ca87b,RYR2KE,Ireland,56.8995,19.22687,8997.0,9015.7,230.0,90.0,0.0,False,1700000585.0,1700000585.0,0,1,teleport
39,39,1700000585.0,471f8b,LOT283,Poland,53.40921,19.63301,9484.9,9490.3,220.0,320.0,0.0,False,1700000585.0,1700000585.0,0,0,
39,39,1700000585.0,3c6589,DLH4ZW,Germany,56.22437,15.24301,9498.8,9517.0,240.0,80.0,0.0,False,1700000585.0,1700000585.0,0,1,teleport
39,39,1700000585.0,4b1805,SWR12X,Switzerland,51.60838,17.29251,10822.5,10840.8,235.0,200.0,0.0,False,1700000585.0,1700000585.0,0,0,
39,39,1700000585.0,440048,BAW893,United Kingdom,53.67409,17.95696,11924.0,11947.0,250.0,60.0,0.0,False,1700000585.0,1700000585.0,0,0,
39,39,1700000585.0,4ac9b0,SAS2HK,Sweden,54.90612,18.80121,10521.9,10533.1,220.0,120.0,0.0,False,1700000585.0,1700000585.0,0,0,
39,39,1700000585.0,3917a3,AFR1219,France,49.94847,15.45362,11010.2,11022.4,225.0,150.0,0.0,False,1700000585.0,1700000585.0,0,0,
39,39,1700000585.0,46b8c1,FIN6KP,Finland,54.90979,20.30046,10034.4,10047.8,215.0,200.0,0.0,False,1700000585.0,1700000585.0,0,0,
39,39,1700000585.0,4ca8e0,RYR3LM,Ireland,53.07373,17.98251,11236.6,11247.1,232.0,240.0,0.0,False,1700000585.0,1700000585.0,0,0,
39,39,1700000585.0,478129,WZZ2BV,Hungary,51.90576,20.60932,10789.6,10814.5,220.0,280.0,0.0,False,1700000585.0,1700000585.0,0,0,
39,39,1700000585.0,4ba8c2,TAR9FX,Turkey,52.19951,21.34307,9497.5,9516.0,245.0,270.0,0.0,False,1700000585.0,1700000585.0,0,0,
39,39,1700000585.0,4cab4c,EZY42AC,United Kingdom,54.37651,19.67715,11779.6,11810.5,238.0,100.0,0.0,False,1700000585.0,1700000585.0,0,0,
40,40,1700000600.0,4ca87b,RYR2KE,Ireland,56.89949,19.28368,8999.2,9017.0,230.0,90.0,0.0,False,1700000600.0,1700000600.0,0,1,teleport
40,40,1700000600.0,471f8b,LOT283,Poland,53.43194,19.60099,9483.6,9508.9,220.0,320.0,0.0,False,1700000600.0,1700000600.0,0,0,
40,40,1700000600.0,3c6589,DLH4ZW,Germany,56.22997,15.30037,9496.6,9517.3,240.0,80.0,0.0,False,1700000600.0,1700000600.0,0,1,teleport
40,40,1700000600.0,4b1805,SWR12X,Switzerland,51.57859,17.27506,10833.1,10842.5,235.0,200.0,0.0,False,1700000600.0,1700000600.0,0,0,
40,40,1700000600.0,440048,BAW893,United Kingdom,53.69094,18.00629,11931.5,11950.0,250.0,60.0,0.0,False,1700000600.0,1700000600.0,0,0,
40,40,1700000600.0,4ac9b0,SAS2HK,Sweden,54.89127,18.8459,10527.8,10552.9,220.0,120.0,0.0,False,1700000600.0,1700000600.0,0,0,
40,40,1700000600.0,3917a3,AFR1219,France,49.92219,15.47719,11013.5,11028.6,225.0,150.0,0.0,False,1700000600.0,1700000600.0,0,0,
40,40,1700000600.0,46b8c1,FIN6KP,Finland,54.88253,20.28321,10038.8,10058.3,215.0,200.0,0.0,False,1700000600.0,1700000600.0,0,0,
40,40,1700000600.0,4ca8e0,RYR3LM,Ireland,53.05807,17.93742,11232.7,11249.8,232.0,240.0,0.0,False,1700000600.0,1700000600.0,0,0,
40,40,1700000600.0,478129,WZZ2BV,Hungary,51.9109,20.56194,10787.2,10799.3,220.0,280.0,0.0,False,1700000600.0,1700000600.0,0,0,
40,40,1700000600.0,4ba8c2,TAR9FX,Turkey,52.1995,21.28915,9492.2,9510.6,245.0,270.0,0.0,False,1700000600.0,1700000600.0,0,0,
40,40,1700000600.0,4cab4c,EZY42AC,United Kingdom,54.37092,19.73142,11778.8,11795.1,238.0,100.0,0.0,False,1700000600.0,1700000600.0,0,0,
41,41,1700000615.0,4ca87b,RYR2KE,Ireland,56.89947,19.3405,8995.1,9012.3,230.0,90.0,0.0,False,1700000615.0,1700000615.0,0,1,teleport
41,41,1700000615.0,471f8b,LOT283,Poland,53.45467,19.56896,9482.9,9500.8,220.0,320.0,0.0,False,1700000615.0,1700000615.0,0,0,
41,41,1700000615.0,3c6589,DLH4ZW,Germany,56.23558,15.35773,9500.6,9521.4,240.0,80.0,0.0,False,1700000615.0,1700000615.0,0,1,teleport
41,41,1700000615.0,4b1805,SWR12X,Switzerland,51.54879,17.25763,10831.3,10847.3,235.0,200.0,0.0,False,1700000615.0,1700000615.0,0,0,
41,41,1700000615.0,440048,BAW893,United Kingdom,53.7078,18.05563,11927.7,11943.8,250.0,60.0,0.0,False,1700000615.0,1700000615.0,0,0,
41,41,1700000615.0,4ac9b0,SAS2HK,Sweden,54.87642,18.89057,10533.5,10551.3,220.0,120.0,0.0,False,1700000615.0,1700000615.0,0,0,
41,41,1700000615.0,3917a3,AFR1219,France,49.8959,15.50075,11012.9,11038.1,225.0,150.0,0.0,False,1700000615.0,1700000615.0,0,0,
41,41,1700000615.0,46b8c1,FIN6KP,Finland,54.85528,20.26598,10032.5,10053.8,215.0,200.0,0.0,False,1700000615.0,1700000615.0,0,0,
41,41,1700000615.0,4ca8e0,RYR3LM,Ireland,53.04241,17.89234,11238.8,11262.6,232.0,240.0,0.0,False,1700000615.0,1700000615.0,0,0,
41,41,1700000615.0,478129,WZZ2BV,Hungary,51.91605,20.51456,10790.0,10800.0,220.0,280.0,0.0,False,1700000615.0,1700000615.0,0,0,
41,41,1700000615.0,4ba8c2,TAR9FX,Turkey,52.19948,21.23523,9498.2,9518.4,245.0,270.0,0.0,False,1700000615.0,1700000615.0,0,0,
41,41,1700000615.0,4cab4c,EZY42AC,United Kingdom,54.36533,19.78569,11773.6,11790.4,238.0,100.0,0.0,False,1700000615.0,1700000615.0,0,0,
42,42,1700000630.0,4ca87b,RYR2KE,Ireland,56.89946,19.39731,8993.4,9021.5,230.0,90.0,0.0,False,1700000630.0,1700000630.0,0,1,teleport
42,42,1700000630.0,471f8b,LOT283,Poland,53.4774,19.5369,9486.5,9502.9,220.0,320.0,0.0,False,1700000630.0,1700000630.0,0,0,
42,42,1700000630.0,3c6589,DLH4ZW,Germany,56.24119,15.41511,9489.8,9517.0,240.0,80.0,0.0,False,1700000630.0,1700000630.0,0,1,teleport
42,42,1700000630.0,4b1805,SWR12X,Switzerland,51.519,17.2402,10830.2,10845.1,235.0,200.0,0.0,False,1700000630.0,1700000630.0,0,0,
42,42,1700000630.0,440048,BAW893,United Kingdom,53.72465,18.10499,11921.2,11946.5,250.0,60.0,0.0,False,1700000630.0,1700000630.0,0,0,
42,42,1700000630.0,4ac9b0,SAS2HK,Sweden,54.86157,18.93522,10528.3,10547.2,220.0,120.0,0.0,False,1700000630.0,1700000630.0,0,0,
42,42,1700000630.0,3917a3,AFR1219,France,49.86961,15.52429,11016.8,11034.8,225.0,150.0,0.0,False,1700000630.0,1700000630.0,0,0,
42,42,1700000630.0,46b8c1,FIN6KP,Finland,54.82802,20.24876,10021.7,10039.7,215.0,200.0,0.0,False,1700000630.0,1700000630.0,0,0,
42,42,1700000630.0,4ca8e0,RYR3LM,Ireland,53.02676,17.84727,11236.3,11257.1,232.0,240.0,0.0,False,1700000630.0,1700000630.0,0,0,
42,42,1700000630.0,478129,WZZ2BV,Hungary,51.92119,20.46717,10788.3,10805.4,220.0,280.0,0.0,False,1700000630.0,1700000630.0,0,0,
42,42,1700000630.0,4ba8c2,TAR9FX,Turkey,52.19947,21.18131,9503.3,9525.2,245.0,270.0,0.0,False,1700000630.0,1700000630.0,0,0,
42,42,1700000630.0,4cab4c,EZY42AC,United Kingdom,54.35974,19.83995,11773.2,11800.9,238.0,100.0,0.0,False,1700000630.0,1700000630.0,0,0,
43,43,1700000645.0,4ca87b,RYR2KE,Ireland,56.89945,19.45412,8993.1,9009.3,230.0,90.0,0.0,False,1700000645.0,1700000645.0,0,1,teleport
43,43,1700000645.0,471f8b,LOT283,Poland,53.50013,19.50483,9483.8,9510.1,220.0,320.0,0.0,False,1700000645.0,1700000645.0,0,0,
43,43,1700000645.0,3c6589,DLH4ZW,Germany,56.2468,15.47249,9482.9,9500.4,240.0,80.0,0.0,False,1700000645.0,1700000645.0,0,1,teleport
43,43,1700000645.0,4b1805,SWR12X,Switzerland,51.48921,17.22279,10834.1,10860.5,235.0,200.0,0.0,False,1700000645.0,1700000645.0,0,0,
43,43,1700000645.0,440048,BAW893,United Kingdom,53.7415,18.15437,11913.8,11929.4,250.0,60.0,0.0,False,1700000645.0,1700000645.0,0,0,
43,43,1700000645.0,4ac9b0,SAS2HK,Sweden,54.84673,18.97986,10526.0,10547.2,220.0,120.0,0.0,False,1700000645.0,1700000645.0,0,0,
43,43,1700000645.0,3917a3,AFR1219,France,49.84332,15.54783,11007.9,11028.6,225.0,150.0,0.0,False,1700000645.0,1700000645.0,0,0,
43,43,1700000645.0,46b8c1,FIN6KP,Finland,54.80077,20.23155,10021.0,10034.9,215.0,200.0,0.0,False,1700000645.0,1700000645.0,0,0,
43,43,1700000645.0,4ca8e0,RYR3LM,Ireland,53.0111,17.80223,11236.6,11262.6,232.0,240.0,0.0,False,1700000645.0,1700000645.0,0,0,
43,43,1700000645.0,478129,WZZ2BV,Hungary,51.92634,20.41977,10780.9,10802.9,220.0,280.0,0.0,False,1700000645.0,1700000645.0,0,0,
43,43,1700000645.0,4ba8c2,TAR9FX,Turkey,52.19946,21.12738,9501.6,9524.4,245.0,270.0,0.0,False,1700000645.0,1700000645.0,0,0,
43,43,1700000645.0,4cab4c,EZY42AC,United Kingdom,54.35416,19.89421,11777.0,11798.4,238.0,100.0,0.0,False,1700000645.0,1700000645.0,0,0,
44,44,1700000660.0,4ca87b,RYR2KE,Ireland,56.89944,19.51094,8997.7,9026.3,230.0,90.0,0.0,False,1700000660.0,1700000660.0,0,1,teleport
44,44,1700000660.0,471f8b,LOT283,Poland,53.52286,19.47275,9483.5,9505.5,220.0,320.0,0.0,False,1700000660.0,1700000660.0,0,0,
44,44,1700000660.0,3c6589,DLH4ZW,Germany,56.25241,15.52989,9482.6,9502.3,240.0,80.0,0.0,False,1700000660.0,1700000660.0,0,1,teleport
44,44,1700000660.0,4b1805,SWR12X,Switzerland,51.45942,17.20539,10830.9,10850.2,235.0,200.0,0.0,False,1700000660.0,1700000660.0,0,0,
44,44,1700000660.0,440048,BAW893,United Kingdom,53.75835,18.20378,11916.3,11931.1,250.0,60.0,0.0,False,1700000660.0,1700000660.0,0,0,
44,44,1700000660.0,4ac9b0,SAS2HK,Sweden,54.83188,19.02448,10518.3,10542.4,220.0,120.0,0.0,False,1700000660.0,1700000660.0,0,0,
44,44,1700000660.0,3917a3,AFR1219,France,49.81703,15.57135,11010.5,11029.0,225.0,150.0,0.0,False,1700000660.0,1700000660.0,0,0,
44,44,1700000660.0,46b8c1,FIN6KP,Finland,54.77351,20.21435,10026.6,10039.6,215.0,200.0,0.0,False,1700000660.0,1700000660.0,0,0,
44,44,1700000660.0,4ca8e0,RYR3LM,Ireland,52.99544,17.75719,11229.2,11257.7,232.0,240.0,0.0,False,1700000660.0,1700000660.0,0,0,
44,44,1700000660.0,478129,WZZ2BV,Hungary,51.93148,20.37237,10777.9,10796.2,220.0,280.0,0.0,False,1700000660.0,1700000660.0,0,0,
44,44,1700000660.0,4ba8c2,TAR9FX,Turkey,52.19945,21.07346,9498.7,9519.8,245.0,270.0,0.0,False,1700000660.0,1700000660.0,0,0,
44,44,1700000660.0,4cab4c,EZY42AC,United Kingdom,54.34857,19.94846,11772.1,11791.3,238.0,100.0,0.0,False,1700000660.0,1700000660.0,0,0,
45,45,1700000675.0,4ca87b,RYR2KE,Ireland,56.89942,19.56775,8994.9,9016.9,230.0,90.0,0.0,False,1700000675.0,1700000675.0,0,1,teleport
45,45,1700000675.0,471f8b,LOT283,Poland,53.54559,19.44064,9479.7,9497.0,220.0,320.0,0.0,False,1700000675.0,1700000675.0,0,0,
45,45,1700000675.0,3c6589,DLH4ZW,Germany,56.25802,15.58729,9485.3,9497.6,240.0,80.0,0.0,False,1700000675.0,1700000675.0,0,1,teleport
45,45,1700000675.0,4b1805,SWR12X,Switzerland,51.42963,17.188,10821.8,10841.6,235.0,200.0,0.0,False,1700000675.0,1700000675.0,0,0,
45,45,1700000675.0,440048,BAW893,United Kingdom,53.7752,18.2532,11913.6,11937.2,250.0,60.0,0.0,False,1700000675.0,1700000675.0,0,0,
45,45,1700000675.0,4ac9b0,SAS2HK,Sweden,54.81703,19.06909,10518.5,10531.6,220.0,120.0,0.0,False,1700000675.0,1700000675.0,0,0,
45,45,1700000675.0,3917a3,AFR1219,France,49.79075,15.59486,11002.0,11026.6,225.0,150.0,0.0,False,1700000675.0,1700000675.0,0,0,
45,45,1700000675.0,46b8c1,FIN6KP,Finland,54.74626,20.19717,10028.0,10047.2,215.0,200.0,0.0,False,1700000675.0,1700000675.0,0,0,
45,45,1700000675.0,4ca8e0,RYR3LM,Ireland,52.97979,17.71218,11237.4,11263.9,232.0,240.0,0.0,False,1700000675.0,1700000675.0,0,0,
45,45,1700000675.0,478129,WZZ2BV,Hungary,51.93662,20.32497,10776.9,10792.4,220.0,280.0,0.0,False,1700000675.0,1700000675.0,0,0,
45,45,1700000675.0,4ba8c2,TAR9FX,Turkey,52.19943,21.01954,9497.8,9512.5,245.0,270.0,0.0,False,1700000675.0,1700000675.0,0,0,
45,45,1700000675.0,4cab4c,EZY42AC,United Kingdom,54.34298,20.00269,11772.0,11799.0,238.0,100.0,0.0,False,1700000675.0,1700000675.0,0,0,
46,46,1700000690.0,4ca87b,RYR2KE,Ireland,56.89941,19.62457,9000.8,9023.3,230.0,90.0,0.0,False,1700000690.0,1700000690.0,0,1,teleport
46,46,1700000690.0,471f8b,LOT283,Poland,53.56832,19.40852,9479.5,9499.0,220.0,320.0,0.0,False,1700000690.0,1700000690.0,0,0,
46,46,1700000690.0,3c6589,DLH4ZW,Germany,56.26363,15.6447,9484.7,9507.2,240.0,80.0,0.0,False,1700000690.0,1700000690.0,0,1,teleport
46,46,1700000690.0,4b1805,SWR12X,Switzerland,51.39984,17.17062,10819.5,10825.7,235.0,200.0,0.0,False,1700000690.0,1700000690.0,0,0,
46,46,1700000690.0,440048,BAW893,United Kingdom,53.79206,18.30264,11914.5,11940.9,250.0,60.0,0.0,False,1700000690.0,1700000690.0,0,0,
46,46,1700000690.0,4ac9b0,SAS2HK,Sweden,54.80219,19.11368,10511.6,10533.3,220.0,120.0,0.0,False,1700000690.0,1700000690.0,0,0,
46,46,1700000690.0,3917a3,AFR1219,France,49.76446,15.61835,11004.2,11034.0,225.0,150.0,0.0,False,1700000690.0,1700000690.0,0,0,
46,46,1700000690.0,46b8c1,FIN6KP,Finland,54.719,20.17999,10020.2,10038.2,215.0,200.0,0.0,False,1700000690.0,1700000690.0,0,0,
46,46,1700000690.0,4ca8e0,RYR3LM,Ireland,52.96413,17.66718,11240.7,11266.6,232.0,240.0,0.0,False,1700000690.0,1700000690.0,0,0,
46,46,1700000690.0,478129,WZZ2BV,Hungary,51.94177,20.27756,10777.9,10792.4,220.0,280.0,0.0,False,1700000690.0,1700000690.0,0,0,
46,46,1700000690.0,4ba8c2,TAR9FX,Turkey,52.19942,20.96561,9498.9,9515.7,245.0,270.0,0.0,False,1700000690.0,1700000690.0,0,0,
46,46,1700000690.0,4cab4c,EZY42AC,United Kingdom,54.3374,20.05693,11773.7,11795.9,238.0,100.0,0.0,False,1700000690.0,1700000690.0,0,0,
47,47,1700000705.0,4ca87b,RYR2KE,Ireland,56.8994,19.68138,9002.8,9019.8,230.0,90.0,0.0,False,1700000705.0,1700000705.0,0,1,teleport
47,47,1700000705.0,471f8b,LOT283,Poland,53.59105,19.37638,9476.1,9502.6,220.0,320.0,0.0,False,1700000705.0,1700000705.0,0,0,
47,47,1700000705.0,3c6589,DLH4ZW,Germany,56.26923,15.70212,9486.7,9509.7,240.0,80.0,0.0,False,1700000705.0,1700000705.0,0,1,teleport
47,47,1700000705.0,4b1805,SWR12X,Switzerland,51.37005,17.15325,10821.8,10839.7,235.0,200.0,0.0,False,1700000705.0,1700000705.0,0,0,
47,47,1700000705.0,440048,BAW893,United Kingdom,53.80891,18.3521,11914.1,11926.5,250.0,60.0,0.0,False,1700000705.0,1700000705.0,0,0,
47,47,1700000705.0,4ac9b0,SAS2HK,Sweden,54.78734,19.15825,10509.7,10529.7,220.0,120.0,0.0,False,1700000705.0,1700000705.0,0,0,
47,47,1700000705.0,3917a3,AFR1219,France,49.73817,15.64183,11008.2,11027.1,225.0,150.0,0.0,False,1700000705.0,1700000705.0,0,0,
47,47,1700000705.0,46b8c1,FIN6KP,Finland,54.69175,20.16283,10030.4,10052.9,215.0,200.0,0.0,False,1700000705.0,1700000705.0,0,0,
47,47,1700000705.0,4ca8e0,RYR3LM,Ireland,52.94847,17.6222,11246.0,11259.4,232.0,240.0,0.0,False,1700000705.0,1700000705.0,0,0,
47,47,1700000705.0,478129,WZZ2BV,Hungary,51.94691,20.23014,10786.0,10807.2,220.0,280.0,0.0,False,1700000705.0,1700000705.0,0,0,
47,47,1700000705.0,4ba8c2,TAR9FX,Turkey,52.19941,20.91169,9488.1,9504.0,245.0,270.0,0.0,False,1700000705.0,1700000705.0,0,0,
47,47,1700000705.0,4cab4c,EZY42AC,United Kingdom,54.33181,20.11115,11775.1,11799.8,238.0,100.0,0.0,False,1700000705.0,1700000705.0,0,0,
48,48,1700000720.0,4ca87b,RYR2KE,Ireland,56.89938,19.73819,9008.6,9036.4,230.0,90.0,0.0,False,1700000720.0,1700000720.0,0,1,teleport
48,48,1700000720.0,471f8b,LOT283,Poland,53.61378,19.34422,9467.2,9496.2,220.0,320.0,0.0,False,1700000720.0,1700000720.0,0,0,
48,48,1700000720.0,3c6589,DLH4ZW,Germany,56.27484,15.75954,9480.1,9501.6,240.0,80.0,0.0,False,1700000720.0,1700000720.0,0,1,teleport
48,48,1700000720.0,4b1805,SWR12X,Switzerland,51.34026,17.13589,10829.7,10855.0,235.0,200.0,0.0,False,1700000720.0,1700000720.0,0,0,
48,48,1700000720.0,440048,BAW893,United Kingdom,53.82576,18.40158,11908.1,11926.5,250.0,60.0,0.0,False,1700000720.0,1700000720.0,0,0,
48,48,1700000720.0,4ac9b0,SAS2HK,Sweden,54.77249,19.20281,10506.8,10530.8,220.0,120.0,0.0,False,1700000720.0,1700000720.0,0,0,
48,48,1700000720.0,3917a3,AFR1219,France,49.71188,15.6653,11011.2,11044.8,225.0,150.0,0.0,False,1700000720.0,1700000720.0,0,0,
48,48,1700000720.0,46b8c1,FIN6KP,Finland,54.66449,20.14568,10033.0,10053.2,215.0,200.0,0.0,False,1700000720.0,1700000720.0,0,0,
48,48,1700000720.0,4ca8e0,RYR3LM,Ireland,52.93282,17.57723,11246.8,11268.9,232.0,240.0,0.0,False,1700000720.0,1700000720.0,0,0,
48,48,1700000720.0,478129,WZZ2BV,Hungary,51.95206,20.18272,10790.1,10810.2,220.0,280.0,0.0,False,1700000720.0,1700000720.0,0,0,
48,48,1700000720.0,4ba8c2,TAR9FX,Turkey,52.1994,20.85777,9480.4,9509.1,245.0,270.0,0.0,False,1700000720.0,1700000720.0,0,0,
48,48,1700000720.0,4cab4c,EZY42AC,United Kingdom,54.32622,20.16537,11771.0,11787.3,238.0,100.0,0.0,False,1700000720.0,1700000720.0,0,0,
49,49,1700000735.0,4ca87b,RYR2KE,Ireland,56.89937,19.79501,9002.0,9027.1,230.0,90.0,0.0,False,1700000735.0,1700000735.0,0,1,teleport
49,49,1700000735.0,471f8b,LOT283,Poland,53.63651,19.31205,9461.1,9486.6,220.0,320.0,0.0,False,1700000735.0,1700000735.0,0,0,
49,49,1700000735.0,3c6589,DLH4ZW,Germany,56.28045,15.81698,9476.4,9485.4,240.0,80.0,0.0,False,1700000735.0,1700000735.0,0,1,teleport
49,49,1700000735.0,4b1805,SWR12X,Switzerland,51.31047,17.11855,10828.9,10852.1,235.0,200.0,0.0,False,1700000735.0,1700000735.0,0,0,
49,49,1700000735.0,440048,BAW893,United Kingdom,53.84261,18.45109,11904.1,11921.4,250.0,60.0,0.0,False,1700000735.0,1700000735.0,0,0,
49,49,1700000735.0,4ac9b0,SAS2HK,Sweden,54.75765,19.24735,10505.9,10532.8,220.0,120.0,0.0,False,1700000735.0,1700000735.0,0,0,
49,49,1700000735.0,3917a3,AFR1219,France,49.68559,15.68876,11005.7,11023.9,225.0,150.0,0.0,False,1700000735.0,1700000735.0,0,0,
49,49,1700000735.0,46b8c1,FIN6KP,Finland,54.63724,20.12854,10031.6,10047.3,215.0,200.0,0.0,False,1700000735.0,1700000735.0,0,0,
49,49,1700000735.0,4ca8e0,RYR3LM,Ireland,52.91716,17.53228,11251.9,11267.0,232.0,240.0,0.0,False,1700000735.0,1700000735.0,0,0,
49,49,1700000735.0,478129,WZZ2BV,Hungary,51.9572,20.13529,10787.8,10810.9,220.0,280.0,0.0,False,1700000735.0,1700000735.0,0,0,
49,49,1700000735.0,4ba8c2,TAR9FX,Turkey,52.19939,20.80385,9485.2,9511.9,245.0,270.0,0.0,False,1700000735.0,1700000735.0,0,0,
49,49,1700000735.0,4cab4c,EZY42AC,United Kingdom,54.32063,20.21958,11767.3,11789.3,238.0,100.0,0.0,False,1700000735.0,1700000735.0,0,0,
50,50,1700000750.0,4ca87b,RYR2KE,Ireland,56.89936,19.85182,9009.3,9029.0,230.0,90.0,0.0,False,1700000750.0,1700000750.0,0,1,teleport
50,50,1700000750.0,471f8b,LOT283,Poland,53.65924,19.27985,9452.4,9464.0,220.0,320.0,0.0,False,1700000750.0,1700000750.0,0,0,
50,50,1700000750.0,3c6589,DLH4ZW,Germany,56.28606,15.87442,9474.6,9499.0,240.0,80.0,0.0,False,1700000750.0,1700000750.0,0,1,teleport
50,50,1700000750.0,4b1805,SWR12X,Switzerland,51.28068,17.10122,10837.4,10853.4,235.0,200.0,0.0,False,1700000750.0,1700000750.0,0,0,
50,50,1700000750.0,440048,BAW893,United Kingdom,53.85946,18.50061,11894.8,11912.2,250.0,60.0,0.0,False,1700000750.0,1700000750.0,0,0,
50,50,1700000750.0,4ac9b0,SAS2HK,Sweden,54.7428,19.29188,10513.7,10534.7,220.0,120.0,0.0,False,1700000750.0,1700000750.0,0,0,
50,50,1700000750.0,3917a3,AFR1219,France,49.65931,15.7122,11006.6,11023.8,225.0,150.0,0.0,False,1700000750.0,1700000750.0,0,0,
50,50,1700000750.0,46b8c1,FIN6KP,Finland,54.60998,20.11141,10025.6,10037.9,215.0,200.0,0.0,False,1700000750.0,1700000750.0,0,0,
50,50,1700000750.0,4ca8e0,RYR3LM,Ireland,52.9015,17.48735,11249.7,11269.6,232.0,240.0,0.0,False,1700000750.0,1700000750.0,0,0,
50,50,1700000750.0,478129,WZZ2BV,Hungary,51.96234,20.08786,10795.5,10812.4,220.0,280.0,0.0,False,1700000750.0,1700000750.0,0,0,
50,50,1700000750.0,4ba8c2,TAR9FX,Turkey,52.19937,20.74992,9483.6,9497.6,245.0,270.0,0.0,False,1700000750.0,1700000750.0,0,0,
50,50,1700000750.0,4cab4c,EZY42AC,United Kingdom,54.31505,20.27378,11765.9,11778.1,238.0,100.0,0.0,False,1700000750.0,1700000750.0,0,0,
51,51,1700000765.0,4ca87b,RYR2KE,Ireland,56.89934,19.90863,9008.7,9031.5,230.0,90.0,0.0,False,1700000765.0,1700000765.0,0,1,teleport
51,51,1700000765.0,471f8b,LOT283,Poland,53.68197,19.24765,9460.5,9481.5,220.0,320.0,0.0,False,1700000765.0,1700000765.0,0,0,
51,51,1700000765.0,3c6589,DLH4ZW,Germany,56.29167,15.93187,9478.7,9494.9,240.0,80.0,0.0,False,1700000765.0,1700000765.0,0,1,teleport
51,51,1700000765.0,4b1805,SWR12X,Switzerland,51.25089,17.08389,10845.1,10861.4,235.0,200.0,0.0,False,1700000765.0,1700000765.0,0,0,
51,51,1700000765.0,440048,BAW893,United Kingdom,53.87632,18.55015,11895.0,11918.4,250.0,60.0,0.0,False,1700000765.0,1700000765.0,0,0,
51,51,1700000765.0,4ac9b0,SAS2HK,Sweden,54.72795,19.33638,10511.5,10536.2,220.0,120.0,0.0,False,1700000765.0,1700000765.0,0,0,
51,51,1700000765.0,3917a3,AFR1219,France,49.63302,15.73563,11010.3,11030.9,225.0,150.0,0.0,False,1700000765.0,1700000765.0,0,0,
51,51,1700000765.0,46b8c1,FIN6KP,Finland,54.58273,20.09429,10027.0,10045.5,215.0,200.0,0.0,False,1700000765.0,1700000765.0,0,0,
51,51,1700000765.0,4ca8e0,RYR3LM,Ireland,52.88585,17.44243,11251.1,11272.3,232.0,240.0,0.0,False,1700000765.0,1700000765.0,0,0,
51,51,1700000765.0,478129,WZZ2BV,Hungary,51.96749,20.04042,10795.9,10812.9,220.0,280.0,0.0,False,1700000765.0,1700000765.0,0,0,
51,51,1700000765.0,4ba8c2,TAR9FX,Turkey,52.19936,20.696,9487.0,9508.9,245.0,270.0,0.0,False,1700000765.0,1700000765.0,0,0,
51,51,1700000765.0,4cab4c,EZY42AC,United Kingdom,54.30946,20.32798,11767.8,11791.4,238.0,100.0,0.0,False,1700000765.0,1700000765.0,0,0,
52,52,1700000780.0,4ca87b,RYR2KE,Ireland,56.89933,19.96545,9016.1,9030.9,230.0,90.0,0.0,False,1700000780.0,1700000780.0,0,1,teleport
52,52,1700000780.0,471f8b,LOT283,Poland,53.7047,19.21542,9469.8,9490.6,220.0,320.0,0.0,False,1700000780.0,1700000780.0,0,0,
52,52,1700000780.0,3c6589,DLH4ZW,Germany,56.29728,15.98933,9485.8,9504.3,240.0,80.0,0.0,False,1700000780.0,1700000780.0,0,1,teleport
52,52,1700000780.0,4b1805,SWR12X,Switzerland,51.2211,17.06658,10846.0,10869.1,235.0,200.0,0.0,False,1700000780.0,1700000780.0,0,0,
52,52,1700000780.0,440048,BAW893,United Kingdom,53.89317,18.59971,11887.3,11909.4,250.0,60.0,0.0,False,1700000780.0,1700000780.0,0,0,
52,52,1700000780.0,4ac9b0,SAS2HK,Sweden,54.71311,19.38088,10509.1,10535.3,220.0,120.0,0.0,False,1700000780.0,1700000780.0,0,0,
52,52,1700000780.0,3917a3,AFR1219,France,49.60673,15.75905,11013.4,11036.6,225.0,150.0,0.0,False,1700000780.0,1700000780.0,0,0,
52,52,1700000780.0,46b8c1,FIN6KP,Finland,54.55547,20.07719,10031.3,10041.1,215.0,200.0,0.0,False,1700000780.0,1700000780.0,0,0,
52,52,1700000780.0,4ca8e0,RYR3LM,Ireland,52.87019,17.39753,11260.3,11276.5,232.0,240.0,0.0,False,1700000780.0,1700000780.0,0,0,
52,52,1700000780.0,478129,WZZ2BV,Hungary,51.97263,19.99298,10796.1,10812.2,220.0,280.0,0.0,False,1700000780.0,1700000780.0,0,0,
52,52,1700000780.0,4ba8c2,TAR9FX,Turkey,52.19935,20.64208,9492.1,9512.0,245.0,270.0,0.0,False,1700000780.0,1700000780.0,0,0,
52,52,1700000780.0,4cab4c,EZY42AC,United Kingdom,54.30387,20.38217,11766.1,11796.9,238.0,100.0,0.0,False,1700000780.0,1700000780.0,0,0,
53,53,1700000795.0,4ca87b,RYR2KE,Ireland,56.89932,20.02226,9019.9,9043.9,230.0,90.0,0.0,False,1700000795.0,1700000795.0,0,1,teleport
53,53,1700000795.0,471f8b,LOT283,Poland,53.72743,19.18317,9471.9,9493.1,220.0,320.0,0.0,False,1700000795.0,1700000795.0,0,0,
53,53,1700000795.0,3c6589,DLH4ZW,Germany,56.30289,16.0468,9488.0,9517.2,240.0,80.0,0.0,False,1700000795.0,1700000795.0,0,1,teleport
53,53,1700000795.0,4b1805,SWR12X,Switzerland,51.19131,17.04928,10841.0,10861.6,235.0,200.0,0.0,False,1700000795.0,1700000795.0,0,0,
53,53,1700000795.0,440048,BAW893,United Kingdom,53.91002,18.64929,11888.5,11909.9,250.0,60.0,0.0,False,1700000795.0,1700000795.0,0,0,
53,53,1700000795.0,4ac9b0,SAS2HK,Sweden,54.69826,19.42535,10515.6,10535.9,220.0,120.0,0.0,False,1700000795.0,1700000795.0,0,0,
53,53,1700000795.0,3917a3,AFR1219,France,49.58044,15.78246,11010.9,11032.2,225.0,150.0,0.0,False,1700000795.0,1700000795.0,0,0,
53,53,1700000795.0,46b8c1,FIN6KP,Finland,54.52822,20.06009,10041.4,10053.2,215.0,200.0,0.0,False,1700000795.0,1700000795.0,0,0,
53,53,1700000795.0,4ca8e0,RYR3LM,Ireland,52.85453,17.35264,11255.3,11276.6,232.0,240.0,0.0,False,1700000795.0,1700000795.0,0,0,
53,53,1700000795.0,478129,WZZ2BV,Hungary,51.97777,19.94553,10794.8,10811.8,220.0,280.0,0.0,False,1700000795.0,1700000795.0,0,0,
53,53,1700000795.0,4ba8c2,TAR9FX,Turkey,52.19934,20.58816,9490.1,9509.2,245.0,270.0,0.0,False,1700000795.0,1700000795.0,0,0,
53,53,1700000795.0,4cab4c,EZY42AC,United Kingdom,54.29828,20.43635,11759.4,11776.8,238.0,100.0,0.0,False,1700000795.0,1700000795.0,0,0,
54,54,1700000810.0,4ca87b,RYR2KE,Ireland,56.89931,20.07907,9016.8,9038.1,230.0,90.0,0.0,False,1700000810.0,1700000810.0,0,1,teleport
54,54,1700000810.0,471f8b,LOT283,Poland,53.75016,19.15091,9471.7,9498.4,220.0,320.0,0.0,False,1700000810.0,1700000810.0,0,0,
54,54,1700000810.0,3c6589,DLH4ZW,Germany,56.3085,16.10428,9493.3,9508.4,240.0,80.0,0.0,False,1700000810.0,1700000810.0,0,1,teleport
54,54,1700000810.0,4b1805,SWR12X,Switzerland,51.16152,17.03199,10838.0,10855.3,235.0,200.0,0.0,False,1700000810.0,1700000810.0,0,0,
54,54,1700000810.0,440048,BAW893,United Kingdom,53.92687,18.69889,11889.0,11908.8,250.0,60.0,0.0,False,1700000810.0,1700000810.0,0,0,
54,54,1700000810.0,4ac9b0,SAS2HK,Sweden,54.68341,19.46981,10519.3,10538.4,220.0,120.0,0.0,False,1700000810.0,1700000810.0,0,0,
54,54,1700000810.0,3917a3,AFR1219,France,49.55415,15.80585,11023.4,11044.0,225.0,150.0,0.0,False,1700000810.0,1700000810.0,0,0,
54,54,1700000810.0,46b8c1,FIN6KP,Finland,54.50096,20.04301,10046.7,10064.2,215.0,200.0,0.0,False,1700000810.0,1700000810.0,0,0,
54,54,1700000810.0,4ca8e0,RYR3LM,Ireland,52.83888,17.30777,11260.9,11279.2,232.0,240.0,0.0,False,1700000810.0,1700000810.0,0,0,
54,54,1700000810.0,478129,WZZ2BV,Hungary,51.98292,19.89808,10799.2,10821.9,220.0,280.0,0.0,False,1700000810.0,1700000810.0,0,0,
54,54,1700000810.0,4ba8c2,TAR9FX,Turkey,52.19932,20.53423,9485.8,9503.5,245.0,270.0,0.0,False,1700000810.0,1700000810.0,0,0,
54,54,1700000810.0,4cab4c,EZY42AC,United Kingdom,54.2927,20.49052,11766.0,11786.9,238.0,100.0,0.0,False,1700000810.0,1700000810.0,0,0,
55,55,1700000825.0,4ca87b,RYR2KE,Ireland,56.89929,20.13589,9013.4,9038.9,230.0,90.0,0.0,False,1700000825.0,1700000825.0,0,1,teleport
55,55,1700000825.0,471f8b,LOT283,Poland,53.77289,19.11863,9472.6,9494.0,220.0,320.0,0.0,False,1700000825.0,1700000825.0,0,0,
55,55,1700000825.0,3c6589,DLH4ZW,Germany,56.3141,16.16176,9496.8,9519.1,240.0,80.0,0.0,False,1700000825.0,1700000825.0,0,1,teleport
55,55,1700000825.0,4b1805,SWR12X,Switzerland,51.13173,17.01471,10834.2,10847.6,235.0,200.0,0.0,False,1700000825.0,1700000825.0,0,0,
55,55,1700000825.0,440048,BAW893,United Kingdom,53.94372,18.74852,11890.6,11907.2,250.0,60.0,0.0,False,1700000825.0,1700000825.0,0,0,
55,55,1700000825.0,4ac9b0,SAS2HK,Sweden,54.66856,19.51425,10520.5,10540.0,220.0,120.0,0.0,False,1700000825.0,1700000825.0,0,0,
55,55,1700000825.0,3917a3,AFR1219,France,49.52787,15.82923,11035.4,11054.4,225.0,150.0,0.0,False,1700000825.0,1700000825.0,0,0,
55,55,1700000825.0,46b8c1,FIN6KP,Finland,54.47371,20.02594,10045.5,10047.0,215.0,200.0,0.0,False,1700000825.0,1700000825.0,0,0,
55,55,1700000825.0,4ca8e0,RYR3LM,Ireland,52.82322,17.26292,11258.2,11277.8,232.0,240.0,0.0,False,1700000825.0,1700000825.0,0,0,
55,55,1700000825.0,478129,WZZ2BV,Hungary,51.98806,19.85062,10788.8,10808.1,220.0,280.0,0.0,False,1700000825.0,1700000825.0,0,0,
55,55,1700000825.0,4ba8c2,TAR9FX,Turkey,52.19931,20.48031,9486.2,9505.3,245.0,270.0,0.0,False,1700000825.0,1700000825.0,0,0,
55,55,1700000825.0,4cab4c,EZY42AC,United Kingdom,54.28711,20.54469,11760.3,11783.9,238.0,100.0,0.0,False,1700000825.0,1700000825.0,0,0,
56,56,1700000840.0,4ca87b,RYR2KE,Ireland,56.89928,20.1927,9016.7,9035.3,230.0,90.0,0.0,False,1700000840.0,1700000840.0,0,1,teleport
56,56,1700000840.0,471f8b,LOT283,Poland,53.79562,19.08634,9478.6,9498.7,220.0,320.0,0.0,False,1700000840.0,1700000840.0,0,0,
56,56,1700000840.0,3c6589,DLH4ZW,Germany,56.31971,16.21926,9487.6,9510.7,240.0,80.0,0.0,False,1700000840.0,1700000840.0,0,1,teleport
56,56,1700000840.0,4b1805,SWR12X,Switzerland,51.10194,16.99745,10841.3,10861.9,235.0,200.0,0.0,False,1700000840.0,1700000840.0,0,0,
56,56,1700000840.0,440048,BAW893,United Kingdom,53.96058,18.79816,11891.3,11917.5,250.0,60.0,0.0,False,1700000840.0,1700000840.0,0,0,
56,56,1700000840.0,4ac9b0,SAS2HK,Sweden,54.65372,19.55868,10520.4,10540.7,220.0,120.0,0.0,False,1700000840.0,1700000840.0,0,0,
56,56,1700000840.0,3917a3,AFR1219,France,49.50158,15.8526,11035.6,11050.1,225.0,150.0,0.0,False,1700000840.0,1700000840.0,0,0,
56,56,1700000840.0,46b8c1,FIN6KP,Finland,54.44645,20.00888,10043.3,10059.3,215.0,200.0,0.0,False,1700000840.0,1700000840.0,0,0,
56,56,1700000840.0,4ca8e0,RYR3LM,Ireland,52.80756,17.21808,11257.1,11277.7,232.0,240.0,0.0,False,1700000840.0,1700000840.0,0,0,
56,56,1700000840.0,478129,WZZ2BV,Hungary,51.99321,19.80315,10795.0,10815.8,220.0,280.0,0.0,False,1700000840.0,1700000840.0,0,0,
56,56,1700000840.0,4ba8c2,TAR9FX,Turkey,52.1993,20.42639,9495.0,9519.5,245.0,270.0,0.0,False,1700000840.0,1700000840.0,0,0,
56,56,1700000840.0,4cab4c,EZY42AC,United Kingdom,54.28152,20.59885,11764.9,11782.1,238.0,100.0,0.0,False,1700000840.0,1700000840.0,0,0,
57,57,1700000855.0,4ca87b,RYR2KE,Ireland,56.89927,20.24952,9022.1,9045.2,230.0,90.0,0.0,False,1700000855.0,1700000855.0,0,1,teleport
57,57,1700000855.0,471f8b,LOT283,Poland,53.81835,19.05402,9482.7,9509.9,220.0,320.0,0.0,False,1700000855.0,1700000855.0,0,0,
57,57,1700000855.0,3c6589,DLH4ZW,Germany,56.32532,16.27676,9484.2,9501.6,240.0,80.0,0.0,False,1700000855.0,1700000855.0,0,1,teleport
57,57,1700000855.0,4b1805,SWR12X,Switzerland,51.07215,16.98019,10837.9,10855.0,235.0,200.0,0.0,False,1700000855.0,1700000855.0,0,0,
57,57,1700000855.0,440048,BAW893,United Kingdom,53.97743,18.84782,11898.2,11913.2,250.0,60.0,0.0,False,1700000855.0,1700000855.0,0,0,
57,57,1700000855.0,4ac9b0,SAS2HK,Sweden,54.63887,19.60309,10517.2,10537.4,220.0,120.0,0.0,False,1700000855.0,1700000855.0,0,0,
57,57,1700000855.0,3917a3,AFR1219,France,49.47529,15.87596,11034.7,11060.0,225.0,150.0,0.0,False,1700000855.0,1700000855.0,0,0,
57,57,1700000855.0,46b8c1,FIN6KP,Finland,54.4192,19.99183,10040.7,10063.7,215.0,200.0,0.0,False,1700000855.0,1700000855.0,0,0,
57,57,1700000855.0,4ca8e0,RYR3LM,Ireland,52.79191,17.17326,11258.9,11286.9,232.0,240.0,0.0,False,1700000855.0,1700000855.0,0,0,
57,57,1700000855.0,478129,WZZ2BV,Hungary,51.99835,19.75568,10787.6,10802.8,220.0,280.0,0.0,False,1700000855.0,1700000855.0,0,0,
57,57,1700000855.0,4ba8c2,TAR9FX,Turkey,52.19929,20.37246,9489.1,9512.1,245.0,270.0,0.0,False,1700000855.0,1700000855.0,0,0,
57,57,1700000855.0,4cab4c,EZY42AC,United Kingdom,54.27594,20.653,11764.2,11782.1,238.0,100.0,0.0,False,1700000855.0,1700000855.0,0,0,
58,58,1700000870.0,4ca87b,RYR2KE,Ireland,56.89925,20.30633,9026.4,9044.6,230.0,90.0,0.0,False,1700000870.0,1700000870.0,0,1,teleport
58,58,1700000870.0,471f8b,LOT283,Poland,53.84108,19.02169,9479.2,9493.3,220.0,320.0,0.0,False,1700000870.0,1700000870.0,0,0,
58,58,1700000870.0,3c6589,DLH4ZW,Germany,56.33093,16.33427,9476.0,9494.2,240.0,80.0,0.0,False,1700000870.0,1700000870.0,0,1,teleport
58,58,1700000870.0,4b1805,SWR12X,Switzerland,51.04236,16.96295,10835.5,10856.8,235.0,200.0,0.0,False,1700000870.0,1700000870.0,0,0,
58,58,1700000870.0,440048,BAW893,United Kingdom,53.99428,18.8975,11895.8,11910.2,250.0,60.0,0.0,False,1700000870.0,1700000870.0,0,0,
58,58,1700000870.0,4ac9b0,SAS2HK,Sweden,54.62402,19.64748,10506.8,10523.4,220.0,120.0,0.0,False,1700000870.0,1700000870.0,0,0,
58,58,1700000870.0,3917a3,AFR1219,France,49.449,15.8993,11032.8,11043.6,225.0,150.0,0.0,False,1700000870.0,1700000870.0,0,0,
58,58,1700000870.0,46b8c1,FIN6KP,Finland,54.39194,19.97479,10044.6,10056.5,215.0,200.0,0.0,False,1700000870.0,1700000870.0,0,0,
58,58,1700000870.0,4ca8e0,RYR3LM,Ireland,52.77625,17.12846,11262.6,11287.8,232.0,240.0,0.0,False,1700000870.0,1700000870.0,0,0,
58,58,1700000870.0,478129,WZZ2BV,Hungary,52.00349,19.70821,10788.8,10810.0,220.0,280.0,0.0,False,1700000870.0,1700000870.0,0,0,
58,58,1700000870.0,4ba8c2,TAR9FX,Turkey,52.19927,20.31854,9490.2,9505.6,245.0,270.0,0.0,False,1700000870.0,1700000870.0,0,0,
58,58,1700000870.0,4cab4c,EZY42AC,United Kingdom,54.27035,20.70714,11760.1,11776.2,238.0,100.0,0.0,False,1700000870.0,1700000870.0,0,0,
59,59,1700000885.0,4ca87b,RYR2KE,Ireland,56.89924,20.36314,9023.0,9040.7,230.0,90.0,0.0,False,1700000885.0,1700000885.0,0,1,teleport
59,59,1700000885.0,471f8b,LOT283,Poland,53.86381,18.98934,9472.6,9497.1,220.0,320.0,0.0,False,1700000885.0,1700000885.0,0,0,
59,59,1700000885.0,3c6589,DLH4ZW,Germany,56.33654,16.39179,9473.6,9488.1,240.0,80.0,0.0,False,1700000885.0,1700000885.0,0,1,teleport
59,59,1700000885.0,4b1805,SWR12X,Switzerland,51.01256,16.94571,10841.3,10857.0,235.0,200.0,0.0,False,1700000885.0,1700000885.0,0,0,
59,59,1700000885.0,440048,BAW893,United Kingdom,54.01113,18.9472,11882.9,11912.4,250.0,60.0,0.0,False,1700000885.0,1700000885.0,0,0,
59,59,1700000885.0,4ac9b0,SAS2HK,Sweden,54.60918,19.69186,10511.9,10532.1,220.0,120.0,0.0,False,1700000885.0,1700000885.0,0,0,
59,59,1700000885.0,3917a3,AFR1219,France,49.42271,15.92263,11027.3,11041.1,225.0,150.0,0.0,False,1700000885.0,1700000885.0,0,0,
59,59,1700000885.0,46b8c1,FIN6KP,Finland,54.36468,19.95777,10046.6,10068.7,215.0,200.0,0.0,False,1700000885.0,1700000885.0,0,0,
59,59,1700000885.0,4ca8e0,RYR3LM,Ireland,52.76059,17.08367,11262.5,11279.5,232.0,240.0,0.0,False,1700000885.0,1700000885.0,0,0,
59,59,1700000885.0,478129,WZZ2BV,Hungary,52.00864,19.66073,10794.3,10812.6,220.0,280.0,0.0,False,1700000885.0,1700000885.0,0,0,
59,59,1700000885.0,4ba8c2,TAR9FX,Turkey,52.19926,20.26462,9496.7,9514.5,245.0,270.0,0.0,False,1700000885.0,1700000885.0,0,0,
59,59,1700000885.0,4cab4c,EZY42AC,United Kingdom,54.26476,20.76128,11764.4,11780.9,238.0,100.0,0.0,False,1700000885.0,1700000885.0,0,0,
